;UAI;Position;IPS voie GT
0;0121428M;44.347, 2.578;116.8
1;0140004D;49.279, -0.712;122.9
2;0140052F;48.894, -0.195;113.5
3;0141165R;49.296, -0.373;129.1
4;0141418R;49.153, 0.229;100.1
5;0141555P;48.839, -0.898;107.4
6;0142059M;49.198, -0.366;129.8
7;0142133T;49.196, -0.357;118.8
8;0211068X;47.028, 4.840;123.5
9;0211074D;47.329, 5.016;137.2
10;0212023K;47.859, 4.575;97.2
11;0270044B;49.081, 1.477;113.0
12;0271053Y;49.086, 1.458;132.9
13;0271070S;49.016, 1.149;118.6
14;0350028R;48.085, -1.688;114.7
15;0500017X;49.630, -1.606;108.6
16;0500026G;49.045, -1.444;111.0
17;0500087Y;48.572, -1.099;106.2
18;0501219D;49.108, -1.089;105.2
19;0501828R;49.639, -1.629;115.4
20;0593106F;50.638, 3.027;131.0
21;0593136N;50.724, 2.530;123.7
22;0594278E;51.026, 2.372;114.7
23;0595809U;50.365, 3.514;100.9
24;0610001V;48.440, 0.081;115.0
25;0610002W;48.410, 0.092;105.3
26;0610021S;48.744, -0.553;97.9
27;0610698C;48.749, -0.565;116.1
28;0740003B;45.906, 6.128;130.7
29;0740104L;46.205, 6.250;123.5
30;0760023M;49.923, 1.064;110.4
31;0760030V;49.288, 1.002;109.9
32;0760062E;49.491, 0.139;108.7
33;0760096S;49.451, 1.122;118.2
34;0761341V;49.451, 1.093;113.4
35;0761719F;49.430, 1.080;111.7
36;0761742F;49.401, 1.041;100.0
37;0762879S;49.463, 1.045;99.7
38;0762911B;49.400, 1.164;121.5
39;0762920L;49.565, 0.457;102.1
40;0762964J;49.387, 1.066;100.5
41;0763112V;49.757, 0.389;115.7
42;0860028N;46.428, 0.875;110.8
43;0590064Z;50.375, 3.079;101.0
44;0590093F;50.599, 2.987;113.7
45;0592921E;50.694, 3.182;105.3
46;0592929N;50.122, 3.933;110.7
47;9760125G;-12.849, 45.139;68.1
48;9760270P;-12.714, 45.052;75.4
49;9760370Y;-12.769, 45.221;74.6
50;0110023R;43.190, 3.019;106.3
51;0300002P;44.130, 4.075;101.5
52;0300023M;43.835, 4.346;110.4
53;0300027S;43.825, 4.353;106.7
54;0300052U;43.990, 3.601;107.7
55;0300125Y;44.123, 4.081;117.6
56;0300950V;44.164, 4.612;110.7
57;0301654K;43.786, 4.310;97.9
58;0331590Z;44.825, -0.575;129.5
59;0340009A;43.343, 3.211;98.3
60;0340075X;43.401, 3.692;116.4
61;0340076Y;43.396, 3.667;104.9
62;0341523W;43.404, 3.693;125.7
63;0341921D;43.649, 3.920;132.1
64;0342091N;43.263, 3.285;107.8
65;0342175E;43.567, 4.074;121.8
66;0470065R;44.404, 0.715;114.2
67;0480680D;44.799, 3.274;110.6
68;0530011Z;48.072, -0.762;112.8
69;0640126P;43.189, -0.610;115.0
70;0660014G;42.697, 2.926;107.4
71;0753598D;48.841, 2.339;148.3
72;0860903P;46.580, 0.350;135.6
73;0020059D;49.386, 3.323;101.2
74;0070001N;45.248, 4.672;102.4
75;0070003R;44.620, 4.383;112.5
76;0070021K;44.730, 4.594;113.8
77;0070071P;45.064, 4.835;117.4
78;0071351F;44.538, 4.690;113.0
79;0090013R;43.086, 1.883;111.2
80;0090036R;43.118, 1.613;120.5
81;0110012D;43.317, 1.949;110.5
82;0120059Z;43.957, 2.889;108.8
83;0260006R;44.732, 5.015;122.9
84;0260015A;44.555, 4.745;111.9
85;0290034E;48.084, -4.326;114.5
86;0290171D;47.981, -4.096;121.7
87;0290174G;47.872, -3.561;118.8
88;0310040A;43.638, 1.463;118.0
89;0310041B;43.609, 1.440;139.7
90;0311126F;43.654, 1.387;142.9
91;0311134P;43.596, 1.421;140.3
92;0311323V;43.585, 1.398;101.2
93;0312093G;43.616, 1.308;128.6
94;0312289V;43.540, 1.549;139.6
95;0312995M;43.210, 1.077;117.4
96;0320051G;43.651, 0.578;126.4
97;0320054K;43.931, 0.627;127.8
98;0320067Z;43.631, 0.590;118.2
99;0350042F;48.641, -2.005;105.9
100;0351907H;48.088, -1.643;116.8
101;0352686E;48.033, -1.734;122.8
102;0380008C;45.591, 5.270;112.4
103;0380027Y;45.188, 5.725;139.4
104;0380029A;45.179, 5.711;121.3
105;0380032D;45.179, 5.731;93.1
106;0380033E;45.171, 5.709;120.1
107;0380034F;45.169, 5.707;99.3
108;0380083J;45.504, 4.855;114.8
109;0381803D;45.174, 5.733;130.7
110;0382270L;45.435, 6.016;131.8
111;0382863F;45.215, 5.783;144.0
112;0382920T;45.146, 5.717;105.1
113;0383119J;45.321, 5.586;122.6
114;0383208F;45.199, 5.752;138.8
115;0420031F;46.038, 4.070;111.8
116;0460010L;44.609, 2.027;112.6
117;0492123S;47.491, -0.550;108.2
118;0590125R;50.628, 3.093;113.1
119;0590149S;50.282, 3.980;91.9
120;0590182C;50.679, 3.168;89.2
121;0592833J;50.544, 3.026;99.1
122;0592916Z;50.277, 3.976;112.3
123;0592922F;50.631, 3.048;139.7
124;0595884A;50.273, 3.958;74.4
125;0597005U;50.644, 2.704;103.3
126;0620120U;50.555, 2.479;105.5
127;0620140R;50.465, 1.766;107.8
128;0624440P;50.473, 2.660;97.0
129;0640011P;43.483, -1.474;107.8
130;0650001Y;43.003, -0.094;116.7
131;0650025Z;43.234, 0.072;117.3
132;0730003G;45.666, 5.912;121.2
133;0730759D;45.693, 5.900;125.1
134;0740006E;45.938, 6.133;125.7
135;0740099F;45.885, 6.330;127.1
136;0740100G;46.378, 6.484;124.2
137;0741418P;45.896, 6.096;115.2
138;0741476C;46.182, 6.246;106.8
139;0810006S;43.930, 2.147;125.0
140;0810012Y;44.049, 2.141;105.6
141;0810095N;43.944, 2.148;108.5
142;0810103X;43.600, 2.244;111.2
143;0820004J;44.028, 1.138;101.5
144;0820016X;44.105, 1.092;101.4
145;0820883P;44.160, 1.553;102.3
146;0241125T;45.133, 1.280;105.8
147;0330010G;44.433, -0.214;106.9
148;0470028A;44.141, 0.334;108.4
149;9710002A;15.991, -61.727;103.2
150;0511140M;49.247, 4.036;138.2
151;0134252B;43.881, 4.868;114.3
152;0240032E;45.243, 0.334;100.6
153;0010069V;45.761, 5.685;115.8
154;0010072Y;46.264, 6.117;122.7
155;0011276G;45.945, 4.763;126.3
156;0011326L;45.847, 5.036;126.0
157;0011431A;46.179, 4.814;121.4
158;0020012C;49.052, 3.384;100.2
159;0020014E;49.614, 3.221;100.8
160;0020034B;49.561, 3.635;111.2
161;0020048S;49.850, 3.283;98.7
162;0021871Y;49.836, 3.906;112.6
163;0021873A;49.850, 3.286;120.5
164;0030026M;46.335, 2.578;105.5
165;0030038A;46.567, 3.357;102.8
166;0030044G;46.311, 3.293;105.5
167;0030072M;46.135, 3.458;121.8
168;0030445T;46.341, 2.608;112.1
169;0031044U;46.292, 2.734;95.4
170;0040003G;44.389, 6.652;110.2
171;0040010P;43.838, 5.781;112.6
172;0040533H;43.830, 5.798;115.6
173;0050004C;44.569, 6.496;112.3
174;0060009C;43.670, 7.151;121.2
175;0060029Z;43.706, 7.252;107.3
176;0060030A;43.699, 7.276;123.8
177;0060729K;43.707, 7.272;140.9
178;0061884R;43.722, 7.106;127.4
179;0062015H;43.643, 7.037;137.3
180;0062089N;43.765, 7.340;98.7
181;0062147B;43.718, 7.256;126.9
182;0062256V;43.710, 7.273;124.7
183;0080006N;49.773, 4.730;113.2
184;0080007P;49.771, 4.717;101.0
185;0080018B;50.133, 4.829;94.8
186;0100047X;48.297, 4.071;124.6
187;0101028N;48.292, 4.078;107.7
188;0130175V;43.261, 5.387;114.6
189;0131320P;43.530, 5.451;134.8
190;0131327X;43.344, 5.388;94.2
191;0131333D;43.285, 5.378;133.6
192;0131360H;43.641, 5.101;136.8
193;0131403E;43.287, 5.378;102.0
194;0132733A;43.340, 5.424;92.9
195;0133395V;43.532, 5.446;127.6
196;0134003F;43.298, 5.426;103.0
197;0134101M;43.347, 5.355;93.7
198;0134107U;43.335, 5.361;85.4
199;0150006A;44.936, 2.453;109.2
200;0150047V;44.932, 2.446;119.4
201;0150051Z;45.035, 3.087;108.0
202;0160004T;45.630, 0.158;114.1
203;0160020K;45.701, -0.318;110.2
204;0170028N;46.164, -1.154;126.4
205;0170051N;45.951, -0.526;105.9
206;0171428K;45.847, -1.157;108.4
207;0171455P;45.948, -0.959;115.7
208;0190012K;45.160, 1.518;95.0
209;0190038N;45.542, 2.315;106.9
210;0190083M;45.145, 1.532;110.7
211;0210015C;47.324, 5.048;126.3
212;0210047M;47.492, 4.338;107.8
213;0220013V;48.463, -2.036;115.0
214;0220057T;48.516, -2.753;117.6
215;0220094H;48.455, -2.045;125.3
216;0220099N;48.459, -2.514;111.3
217;0220106W;48.401, -2.916;111.3
218;0220111B;48.513, -2.766;124.5
219;0230025C;46.240, 1.485;115.7
220;0240013J;45.339, 1.047;107.9
221;0240025X;45.190, 0.724;108.0
222;0280007F;48.443, 1.493;126.7
223;0280021W;48.731, 1.378;104.6
224;0280036M;48.317, 0.811;111.5
225;0290022S;48.279, -3.552;106.0
226;0331503E;44.850, -0.606;135.8
227;0331506H;44.913, -0.246;116.7
228;0332192D;44.796, -0.593;119.1
229;0350024L;48.107, -1.673;136.0
230;0350776D;48.114, -1.664;138.7
231;0352235P;48.143, -1.963;117.0
232;0360019A;46.584, 1.977;105.6
233;0370731U;47.394, 0.691;140.2
234;0370737A;47.127, 0.994;146.0
235;0390012B;47.090, 5.493;116.0
236;0400007R;43.702, -1.056;112.9
237;0410017W;47.369, 1.740;103.4
238;0410030K;47.809, 1.056;112.3
239;0410675L;47.589, 1.330;127.7
240;0410693F;47.593, 1.331;123.5
241;0420027B;45.533, 4.604;109.5
242;0420042T;45.414, 4.389;100.8
243;0421022H;45.472, 4.523;119.1
244;0421023J;46.039, 4.071;125.7
245;0421035X;45.439, 4.385;125.4
246;0440030U;47.254, -1.573;125.5
247;0440062D;47.182, -1.561;122.7
248;0440151A;47.715, -1.377;113.0
249;0440161L;47.237, -1.558;142.2
250;0440172Y;47.244, -1.562;141.8
251;0440201E;46.994, -1.824;118.7
252;0440274J;47.188, -1.547;130.5
253;0440279P;47.206, -1.521;126.4
254;0441552Y;47.186, -1.517;119.8
255;0441992B;47.121, -2.087;116.4
256;0442207K;47.482, -1.763;116.1
257;0442765S;47.208, -1.533;123.9
258;0442774B;47.232, -1.560;131.3
259;0450050K;47.906, 1.913;111.3
260;0450106W;47.688, 2.625;114.9
261;0450110A;47.906, 1.900;136.7
262;0470060K;44.207, 0.619;121.2
263;0490819Z;47.465, -0.547;131.2
264;0492406Z;47.059, -0.878;121.0
265;0510031G;49.251, 4.046;114.2
266;0510032H;49.258, 4.046;125.8
267;0510035L;49.251, 4.028;91.4
268;0510068X;49.039, 3.965;107.1
269;0511135G;49.042, 3.957;115.3
270;0511142P;49.239, 4.025;127.7
271;0511146U;49.251, 4.037;119.7
272;0511901P;49.283, 4.024;96.6
273;0520019N;48.443, 5.139;95.0
274;0540034U;48.597, 6.508;109.1
275;0540039Z;48.693, 6.186;124.1
276;0540041B;48.691, 6.137;102.4
277;0541305A;49.250, 5.939;105.5
278;0541313J;48.688, 6.173;135.0
279;0542293Z;48.600, 6.493;112.4
280;0542448T;48.678, 6.181;123.7
281;0550002D;48.777, 5.157;105.8
282;0550049E;49.161, 5.381;116.9
283;0560016N;47.950, -2.139;108.6
284;0560026Z;47.746, -3.383;116.3
285;0560101F;47.744, -3.362;125.0
286;0560119A;47.704, -2.952;122.3
287;0560198L;47.654, -2.780;121.0
288;0560200N;47.667, -2.762;110.3
289;0561981Z;47.646, -2.778;127.7
290;0570058D;49.106, 6.168;123.2
291;0570098X;49.108, 7.064;108.3
292;0570214Y;49.111, 7.068;116.4
293;0572341K;49.098, 6.159;132.4
294;0580753D;46.983, 3.129;114.2
295;0590024F;50.299, 3.795;111.1
296;0590063Y;50.374, 3.086;117.4
297;0590117G;50.643, 3.070;117.1
298;0592926K;50.687, 2.876;128.6
299;0593117T;50.629, 3.041;128.1
300;0596281G;50.530, 3.210;128.4
301;0600001A;49.436, 2.090;112.3
302;0601149Y;49.203, 2.588;137.9
303;0601699W;49.419, 2.085;125.9
304;0601701Y;49.406, 2.832;132.8
305;0601823F;49.423, 2.084;103.4
306;0630001J;45.546, 3.746;105.9
307;0630020E;45.782, 3.086;99.3
308;0630069H;45.863, 3.530;110.2
309;0630077S;45.801, 3.110;91.1
310;0631861F;45.745, 3.212;120.3
311;0640044A;43.369, -0.625;108.6
312;0640111Y;43.478, -1.484;123.2
313;0640122K;43.158, -0.231;116.1
314;0641732K;43.320, -0.364;114.6
315;0641823J;43.462, -1.552;118.7
316;0670002N;48.409, 7.457;115.3
317;0670020H;48.814, 7.797;114.5
318;0670041F;48.535, 7.491;116.8
319;0670071N;48.263, 7.457;117.1
320;0670080Y;48.594, 7.757;119.3
321;0670087F;48.528, 7.732;111.0
322;0671602C;48.811, 7.790;120.3
323;0671618V;48.886, 7.790;123.1
324;0671636P;48.591, 7.751;123.7
325;0671639T;48.587, 7.772;121.9
326;0672198A;48.529, 7.725;121.4
327;0680015X;47.907, 7.204;114.1
328;0680060W;48.198, 7.316;118.7
329;0680066C;47.577, 7.556;109.0
330;0680134B;47.684, 7.387;133.6
331;0681768C;47.754, 7.325;86.7
332;0681817F;48.091, 7.297;107.0
333;0681839E;47.901, 7.229;111.8
334;0681888H;47.798, 7.236;99.9
335;0690026D;45.772, 4.857;134.4
336;0690028F;45.757, 4.821;133.0
337;0690031J;45.780, 4.822;133.4
338;0690032K;45.752, 4.831;105.0
339;0690037R;45.768, 4.830;119.0
340;0690038S;45.786, 4.796;103.5
341;0690536H;45.753, 4.840;131.4
342;0690540M;45.870, 4.842;143.9
343;0690550Y;45.760, 4.758;143.1
344;0690553B;45.989, 4.721;123.6
345;0690554C;45.759, 4.890;128.9
346;0690574Z;45.749, 4.858;132.3
347;0690642Y;45.738, 4.868;114.4
348;0693518Z;45.778, 4.743;133.1
349;0693587Z;45.728, 4.854;121.7
350;0693619J;45.777, 4.919;83.7
351;0693769X;45.768, 4.869;119.8
352;0700905D;47.633, 6.165;110.3
353;0711137A;46.474, 3.994;102.2
354;0720027N;48.349, 0.363;98.3
355;0720029R;48.010, 0.200;128.6
356;0720048L;47.839, -0.341;103.5
357;0750502N;48.852, 2.332;146.1
358;0750655E;48.848, 2.344;140.4
359;0750671X;48.881, 2.340;109.4
360;0750674A;48.879, 2.350;88.6
361;0750677D;48.837, 2.410;103.5
362;0750680G;48.848, 2.394;121.6
363;0750682J;48.833, 2.347;133.6
364;0750684L;48.824, 2.361;118.6
365;0750689S;48.841, 2.329;122.8
366;0750690T;48.826, 2.306;104.3
367;0750694X;48.843, 2.297;133.6
368;0750696Z;48.848, 2.293;97.3
369;0750699C;48.866, 2.279;133.5
370;0750703G;48.855, 2.272;129.9
371;0750710P;48.887, 2.328;138.7
372;0753231E;48.895, 2.366;120.5
373;0753815P;48.878, 2.384;145.8
374;0753824Z;48.852, 2.362;146.4
375;0753825A;48.876, 2.332;125.4
376;0753883N;48.871, 2.348;155.1
377;0753885R;48.879, 2.349;136.2
378;0753890W;48.864, 2.375;139.8
379;0753902J;48.833, 2.341;140.5
380;0753935V;48.842, 2.413;129.0
381;0753947H;48.854, 2.278;148.2
382;0754029X;48.845, 2.329;134.9
383;0754045P;48.834, 2.326;132.1
384;0754325U;48.886, 2.386;122.6
385;0755537L;48.899, 2.322;129.6
386;0770924L;48.825, 3.093;107.3
387;0770938B;48.394, 2.959;102.5
388;0770943G;48.509, 2.663;119.5
389;0771237B;48.873, 2.709;130.9
390;0771238C;48.542, 2.655;131.7
391;0771658J;49.020, 2.966;112.2
392;0771763Y;48.799, 2.648;107.3
393;0772127U;48.652, 2.562;117.7
394;0772243V;48.787, 2.599;113.1
395;0772244W;48.595, 2.578;114.1
396;0772276F;48.889, 2.613;105.6
397;0772324H;48.758, 2.697;131.3
398;0772602K;48.949, 3.127;126.8
399;0772685A;48.943, 3.132;103.4
400;0780422K;48.977, 1.922;102.7
401;0780582J;48.823, 1.959;117.7
402;0781860Y;48.914, 2.172;137.6
403;0781861Z;48.867, 2.099;146.7
404;0781948U;48.974, 1.775;103.1
405;0781950W;48.971, 2.074;106.9
406;0781952Y;48.830, 1.992;128.6
407;0782557F;48.900, 2.086;110.7
408;0782562L;48.806, 2.137;151.4
409;0782587N;48.814, 1.874;141.5
410;0783140P;48.805, 2.064;122.3
411;0783293F;48.817, 2.144;137.5
412;0783323N;48.898, 2.092;142.4
413;0783325R;48.805, 2.135;130.1
414;0783344L;48.982, 1.976;145.8
415;0783351U;48.793, 2.124;144.1
416;0790029C;46.643, -0.252;110.7
417;0790058J;46.979, -0.210;108.8
418;0790078F;46.328, -0.447;129.6
419;0800007Y;49.999, 2.658;103.3
420;0801743K;50.154, 2.340;114.6
421;0830015R;43.536, 6.471;105.4
422;0830059N;43.123, 5.953;100.8
423;0830099G;43.110, 5.953;131.7
424;0831407D;43.133, 6.018;113.7
425;0831440P;43.444, 6.754;105.1
426;0831444U;43.406, 6.068;123.1
427;0831563Y;43.098, 6.125;117.8
428;0831646N;43.476, 6.539;110.6
429;0840004Y;43.952, 4.812;103.2
430;0840017M;43.824, 5.038;106.8
431;0840078D;44.052, 5.046;121.6
432;0841093G;44.294, 4.750;100.3
433;0850130E;46.684, -1.422;118.0
434;0851346B;46.854, -1.870;105.3
435;0851642Y;46.690, -1.438;125.6
436;0860037Y;46.598, 0.330;115.8
437;0860774Z;46.585, 0.382;117.5
438;0861228T;46.551, 0.310;122.3
439;0870015U;45.831, 1.263;116.6
440;0870050G;45.504, 1.202;107.8
441;0880019T;48.175, 6.441;102.5
442;0880099E;48.289, 6.953;116.2
443;0880101G;48.169, 6.452;127.3
444;0890003V;47.800, 3.571;117.7
445;0890005X;47.791, 3.552;101.4
446;0061478Z;43.605, 7.072;119.5
447;0061987C;44.069, 7.168;118.3
448;0120022J;44.350, 2.560;118.6
449;0120061B;44.356, 2.039;110.0
450;0140061R;49.150, 0.224;111.4
451;0910620E;48.613, 2.459;102.0
452;0141157G;49.282, -0.706;113.8
453;0141172Y;49.371, 0.115;125.6
454;0141175B;49.193, -0.351;124.8
455;0141178E;49.201, -0.380;118.8
456;0910823A;48.701, 2.255;127.8
457;0911021R;48.693, 2.503;116.9
458;0911251R;48.626, 2.424;98.1
459;0911346U;48.640, 2.349;106.9
460;0170070J;46.109, -0.749;110.2
461;0170100S;46.165, -1.150;129.3
462;0171405K;46.143, -1.163;122.9
463;0270003G;49.085, 0.593;104.6
464;0270026G;49.286, 1.780;107.2
465;0270029K;49.209, 1.156;110.0
466;0911945V;48.710, 2.327;104.5
467;0911961M;48.586, 2.247;115.7
468;0912163G;48.628, 2.334;87.0
469;0920130S;48.750, 2.313;133.3
470;0920131T;48.922, 2.282;106.6
471;0920132U;48.911, 2.260;134.7
472;0271049U;49.352, 0.496;123.0
473;0271431J;49.351, 0.522;111.6
474;0920799U;48.867, 2.180;135.6
475;0920894X;48.793, 2.301;109.2
476;0920898B;48.843, 2.229;139.2
477;0920908M;48.808, 2.187;147.5
478;0271606Z;49.199, 0.713;131.4
479;0920916W;48.819, 2.227;148.2
480;0920917X;48.816, 2.240;144.9
481;0271634E;49.216, 1.176;99.5
482;0290160S;48.570, -4.325;117.7
483;0320036R;43.613, 1.085;125.3
484;0460529A;44.895, 1.471;115.0
485;0500016W;49.640, -1.644;113.0
486;0500065Z;49.115, -1.085;118.8
487;0500116E;49.060, -1.449;116.5
488;0500127S;49.113, -1.096;103.6
489;0501299R;49.640, -1.628;122.6
490;0922397F;48.819, 2.254;132.3
491;0922653J;48.826, 2.276;129.0
492;0930118Y;48.903, 2.473;86.3
493;0930120A;48.955, 2.321;82.5
494;0590185F;50.685, 3.172;72.2
495;0595885B;50.348, 3.108;101.8
496;0610026X;48.758, 0.638;100.8
497;0610700E;48.523, 0.544;117.7
498;0931026K;48.950, 2.490;122.3
499;0711249X;46.313, 4.825;122.9
500;0760029U;49.291, 1.016;103.6
501;0760054W;49.489, 0.105;87.4
502;0760056Y;49.497, 0.124;104.3
503;0931464L;48.891, 2.523;141.5
504;0931565W;48.844, 2.574;108.6
505;0931735F;48.961, 2.299;82.4
506;0932026X;48.903, 2.548;76.4
507;0932303Y;48.894, 2.525;138.5
508;0940117S;48.835, 2.483;135.0
509;0940118T;48.847, 2.491;117.5
510;0940119U;48.834, 2.509;126.8
511;0940121W;48.803, 2.472;133.4
512;0940124Z;48.847, 2.427;142.3
513;0940129E;48.802, 2.400;89.7
514;0940877T;48.848, 2.441;145.1
515;0940885B;48.763, 2.406;115.4
516;0762953X;49.862, 0.697;108.5
517;0762976X;49.493, 0.150;87.8
518;0941347D;48.856, 2.486;112.6
519;0941711Z;48.795, 2.445;127.6
520;0941719H;48.794, 2.385;127.3
521;0941930M;48.770, 2.471;88.9
522;0942130E;48.770, 2.517;109.6
523;0942354Y;48.795, 2.463;123.5
524;0950645K;48.983, 2.252;113.9
525;0950648N;48.990, 2.318;122.5
526;0950785M;48.974, 2.255;134.7
527;0592913W;50.449, 3.426;128.5
528;0592940A;50.369, 3.085;131.9
529;0951147F;49.116, 2.224;126.7
530;0951728M;49.039, 2.117;102.8
531;0951811C;48.952, 2.226;90.0
532;9760127J;-12.781, 45.227;78.2
533;9760363R;-12.909, 45.194;84.5
534;0952173W;48.922, 2.215;93.8
535;0952208J;48.960, 2.238;127.1
536;7200021K;42.305, 9.152;114.0
537;0111048E;43.182, 2.759;107.4
538;0300047N;44.014, 4.421;115.0
539;0300077W;44.133, 4.085;116.3
540;0300127A;43.834, 4.363;117.5
541;9711066G;16.209, -61.454;98.7
542;9720350Y;14.747, -60.949;99.0
543;9720615L;14.628, -61.058;115.5
544;9720823M;14.664, -61.156;105.2
545;9720888H;14.747, -61.174;106.1
546;9730108E;5.166, -52.646;91.3
547;0331499A;44.843, -0.582;128.2
548;0340011C;43.342, 3.235;95.8
549;0340030Y;43.671, 4.122;105.6
550;0340040J;43.612, 3.848;112.9
551;9730511T;4.915, -52.268;136.6
552;9740001H;-20.889, 55.469;100.3
553;9740002J;-21.275, 55.521;95.9
554;9740043D;-20.965, 55.654;89.2
555;9741050Y;-21.001, 55.281;104.6
556;9741087N;-21.250, 55.525;84.7
557;9741233X;-21.049, 55.710;77.1
558;9741556Y;-21.048, 55.226;129.3
559;0341794R;43.586, 3.931;123.6
560;9760229V;-12.798, 45.285;88.3
561;0341915X;43.646, 3.864;131.3
562;0342066L;43.711, 3.833;131.8
563;0342225J;43.605, 3.912;115.1
564;0401016M;43.694, -1.058;124.1
565;0480007X;44.521, 3.508;123.9
566;0480023P;44.555, 3.289;111.5
567;0640115C;43.485, -1.495;129.2
568;0641441U;43.502, -1.524;112.3
569;0660768B;42.718, 2.879;124.5
570;0660907C;42.646, 2.937;104.8
571;0753946G;48.847, 2.263;144.9
572;0754081D;48.886, 2.307;144.9
573;0021476U;49.371, 3.308;99.5
574;0021946E;49.252, 3.081;109.8
575;0090015T;43.115, 1.609;108.8
576;0090045A;43.108, 1.618;115.2
577;0260063C;45.216, 4.940;135.4
578;0260064D;44.550, 4.774;127.2
579;0261277X;44.956, 4.898;98.9
580;0290010D;48.394, -4.490;118.0
581;0290051Y;48.570, -3.821;112.3
582;0290070U;47.991, -4.119;100.7
583;0310032S;43.112, 0.746;109.7
584;0311146C;43.591, 1.470;137.7
585;0312744P;43.478, 1.388;125.7
586;0312822Z;43.469, 1.322;119.7
587;0312915A;43.400, 1.729;130.1
588;0320009L;43.962, 0.374;111.3
589;0320015T;43.931, 0.629;112.0
590;0320737C;43.398, 0.583;131.0
591;0330135T;44.802, -0.599;119.5
592;0380014J;45.390, 5.265;105.5
593;0380028Z;45.190, 5.730;132.1
594;0380053B;45.541, 5.670;113.6
595;0380063M;45.158, 5.318;114.4
596;0380091T;45.371, 5.590;125.6
597;0381683Y;45.367, 5.596;130.4
598;0382203N;45.173, 5.762;120.3
599;0382838D;45.752, 5.171;112.5
600;0383072H;45.565, 5.306;132.6
601;0460007H;44.450, 1.439;115.5
602;0470001W;44.201, 0.623;113.9
603;0560105K;47.932, -2.399;113.0
604;0590121L;50.617, 3.068;94.4
605;0590181B;50.681, 3.207;92.3
606;0590214M;50.726, 3.157;94.5
607;0590222W;50.359, 3.531;116.9
608;0592935V;50.720, 3.109;137.2
609;0592965C;50.721, 3.151;108.3
610;0592966D;50.721, 3.150;108.1
611;0593139S;50.723, 3.149;116.8
612;0596335R;50.386, 3.222;122.8
613;0620027T;50.403, 2.834;84.6
614;0620052V;50.720, 1.617;103.9
615;0620062F;50.957, 1.836;104.4
616;0620070P;50.491, 2.948;97.2
617;0622803K;50.739, 2.256;104.4
618;0623915U;50.488, 2.855;107.9
619;0623981R;50.634, 2.407;109.6
620;0624430D;50.288, 2.777;112.0
621;0650014M;43.090, -0.049;113.9
622;0650026A;43.223, 0.074;109.2
623;0650065T;43.237, 0.068;115.2
624;0693654X;45.690, 4.785;128.5
625;0730029K;45.482, 6.529;116.9
626;0730037U;45.273, 6.350;110.8
627;0731248K;45.595, 5.920;119.7
628;0731507S;45.619, 6.766;119.3
629;0740009H;46.191, 6.242;100.0
630;0740017S;46.062, 6.579;99.4
631;0740027C;45.907, 6.707;117.7
632;0740037N;46.141, 6.070;116.4
633;0740046Y;46.365, 6.471;113.9
634;0741307U;46.373, 6.483;117.3
635;0741532N;45.870, 5.934;115.1
636;0750673Z;48.883, 2.363;114.1
637;0781884Z;48.986, 1.751;107.1
638;0782563M;48.801, 2.137;142.9
639;0810004P;43.930, 2.151;110.0
640;0810023K;43.903, 1.901;116.6
641;0810075S;43.899, 1.899;121.8
642;0850028U;46.674, -1.442;100.2
643;0912433A;48.714, 2.199;142.4
644;0922867S;48.891, 2.256;149.3
645;0130043B;43.305, 5.380;74.1
646;9710882G;16.201, -61.592;104.0
647;9711012Y;15.882, -61.314;96.4
648;0330020T;45.124, -0.661;103.9
649;0011119L;46.250, 5.633;104.4
650;0020050U;49.862, 3.294;95.0
651;0021870X;49.615, 3.213;109.5
652;0022022M;49.983, 3.456;100.5
653;0030025L;46.339, 2.610;112.6
654;0030036Y;46.569, 3.328;111.4
655;0030051P;46.132, 3.441;110.3
656;0030073N;46.100, 3.194;112.6
657;0031041R;46.566, 3.336;112.1
658;0031082K;46.127, 3.446;99.6
659;0040023D;44.182, 5.947;108.1
660;0050007F;44.566, 6.085;115.2
661;0060015J;43.566, 7.025;98.6
662;0060082G;43.676, 7.222;71.2
663;0060668U;43.581, 7.111;134.0
664;0060750H;43.765, 7.483;118.4
665;0061763J;43.715, 7.283;91.8
666;0080008R;49.772, 4.707;104.2
667;0080039Z;49.517, 4.373;109.2
668;0100003Z;48.229, 4.703;101.6
669;0101016A;48.293, 4.029;108.9
670;0130039X;43.306, 5.392;110.2
671;0131319N;43.512, 5.434;143.2
672;0131331B;43.286, 5.382;121.3
673;0131344R;43.290, 5.387;131.3
674;0131345S;43.306, 5.426;133.4
675;0131456M;43.263, 5.422;129.0
676;0131747D;43.185, 5.604;119.7
677;0132210G;43.417, 5.034;113.8
678;0133474F;43.305, 5.417;102.0
679;0133822J;43.285, 5.618;132.0
680;0134250Z;43.258, 5.400;117.4
681;0134253C;43.324, 5.473;124.3
682;0150760V;44.915, 2.436;107.2
683;0160079Z;45.650, 0.150;124.1
684;0170029P;46.178, -1.151;120.0
685;0170098P;45.830, -0.871;118.7
686;0170103V;45.750, -0.652;117.8
687;0170135E;45.442, -0.432;102.8
688;0180006J;47.082, 2.382;114.9
689;0180008L;47.075, 2.406;112.5
690;0180035R;47.229, 2.068;101.0
691;0180561M;47.077, 2.402;126.9
692;0210012Z;47.238, 4.973;116.4
693;0210032W;47.260, 5.292;111.9
694;0211909L;47.303, 5.128;117.0
695;0211986V;47.317, 4.992;111.1
696;0220065B;48.786, -3.235;118.0
697;0220110A;48.510, -2.769;132.1
698;0240021T;45.533, 0.666;104.4
699;0240026Y;45.189, 0.714;114.9
700;0250030X;47.515, 6.804;104.6
701;0250058C;47.470, 6.827;97.7
702;0251024C;46.902, 6.359;110.9
703;0290008B;48.396, -4.525;122.5
704;0290009C;48.401, -4.464;125.8
705;0290013G;48.406, -4.480;105.8
706;0290023T;48.194, -4.089;109.9
707;0290030A;47.863, -3.901;115.5
708;0290076A;47.884, -3.553;113.4
709;0290098Z;47.991, -4.123;111.6
710;0290156M;48.197, -4.085;111.5
711;0290159R;48.452, -4.258;119.8
712;0290177K;48.681, -3.988;115.5
713;0330023W;44.845, -0.590;134.0
714;0330089T;44.906, -0.241;107.4
715;0331493U;44.825, -0.581;141.5
716;0331636Z;44.548, -0.256;117.4
717;0332832Z;44.868, -0.527;109.5
718;0332846P;44.761, -0.622;135.5
719;0350005R;48.625, -2.058;121.5
720;0350022J;47.655, -2.093;111.1
721;0350048M;48.628, -2.004;117.6
722;0350769W;48.357, -1.204;115.3
723;0350791V;47.655, -2.081;115.3
724;0360043B;46.797, 1.713;96.6
725;0370035M;47.391, 0.690;132.9
726;0370037P;47.435, 0.684;111.7
727;0370038R;47.360, 0.700;118.2
728;0370039S;47.396, 0.695;119.0
729;0382170C;45.174, 5.763;125.1
730;0390070P;46.671, 5.549;112.2
731;0390786T;46.380, 5.872;94.0
732;0410959V;47.575, 1.302;112.3
733;0420018S;45.610, 4.055;116.5
734;0420034J;46.042, 4.070;111.2
735;0420044V;45.476, 4.368;112.0
736;0420046X;45.438, 4.396;102.1
737;0420974F;46.036, 4.063;116.3
738;0420979L;45.448, 4.381;113.8
739;0421021G;45.431, 4.398;126.8
740;0422158T;45.439, 4.402;113.6
741;0422284E;45.632, 4.391;117.6
742;0430003V;45.289, 3.382;108.5
743;0430020N;45.037, 3.893;110.9
744;0430055B;45.054, 3.913;114.8
745;0430098Y;45.045, 3.887;111.0
746;0440012Z;47.287, -2.375;130.1
747;0440021J;47.219, -1.544;136.3
748;0440154D;47.237, -1.533;137.7
749;0440166S;47.228, -1.520;133.0
750;0440246D;47.207, -1.609;105.6
751;0440256P;47.191, -1.517;126.3
752;0442095N;47.197, -1.451;132.0
753;0442227G;47.203, -1.546;113.0
754;0442273G;47.104, -1.303;122.0
755;0442699V;47.219, -1.573;139.6
756;0450029M;47.701, 2.632;101.8
757;0450062Y;48.181, 2.255;100.3
758;0450758E;47.899, 1.917;122.4
759;0450782F;47.837, 1.940;108.0
760;0470009E;44.301, 0.337;99.4
761;0470020S;44.505, 0.156;107.6
762;0490003M;47.454, -0.557;109.6
763;0490018D;47.045, -0.884;95.5
764;0490828J;47.198, -0.996;114.1
765;0491966W;47.471, -0.591;121.1
766;0492089E;47.490, -0.527;111.2
767;0510053F;48.726, 3.717;98.0
768;0511951U;48.955, 4.341;98.6
769;0530010Y;48.066, -0.776;111.5
770;0530046M;47.831, -0.709;111.6
771;0540044E;48.697, 6.218;110.5
772;0540066D;48.678, 5.893;112.2
773;0541319R;48.691, 6.188;125.1
774;0541320S;48.673, 5.892;110.8
775;0541986R;48.665, 6.196;135.2
776;0550008K;48.755, 5.586;102.3
777;0550025D;49.156, 5.390;106.6
778;0550047C;48.772, 5.161;120.4
779;0560181T;47.751, -3.392;119.7
780;0561607T;47.808, -3.263;113.9
781;0570021N;48.808, 6.725;102.8
782;0570029X;49.183, 6.908;87.9
783;0570087K;49.105, 6.693;106.7
784;0570210U;49.074, 6.217;113.0
785;0570313F;49.357, 6.160;122.2
786;0580032V;47.005, 3.159;106.1
787;0590035T;50.176, 3.228;106.9
788;0590073J;51.032, 2.376;113.1
789;0590116F;50.632, 3.058;116.7
790;0590168M;50.247, 3.646;118.6
791;0590258K;50.614, 3.076;86.0
792;0592967E;50.360, 3.529;108.8
793;0593138R;50.184, 3.504;121.1
794;0600013N;49.384, 2.406;111.0
795;0600020W;49.266, 2.462;101.4
796;0601950U;49.429, 2.088;106.4
797;0620063G;50.947, 1.843;102.4
798;0620113L;50.411, 2.771;96.0
799;0622107D;50.730, 1.618;126.8
800;0631068U;45.780, 3.093;124.3
801;0631075B;45.784, 3.082;130.2
802;0631669X;45.777, 3.051;127.8
803;0640001D;43.476, -1.511;120.1
804;0640047D;43.185, -0.623;115.2
805;0640052J;43.491, -0.767;114.2
806;0640127R;43.490, -0.772;116.0
807;0641844G;43.166, -1.231;110.5
808;0670081Z;48.584, 7.757;130.8
809;0671609K;48.582, 7.756;135.8
810;0671832C;48.252, 7.449;111.2
811;0672534R;48.731, 7.352;118.4
812;0672614C;48.937, 7.088;103.2
813;0673083M;48.563, 7.761;119.1
814;0680010S;48.083, 7.343;106.6
815;0680031P;47.745, 7.325;97.1
816;0680034T;47.732, 7.306;98.2
817;0680149T;48.080, 7.359;121.8
818;0681793E;47.751, 7.347;97.3
819;0682072H;47.903, 7.254;119.3
820;0690097F;45.989, 4.712;101.1
821;0690104N;45.716, 4.883;87.5
822;0690128P;45.753, 4.792;114.8
823;0690519P;45.760, 4.789;134.6
824;0690520R;45.756, 4.806;134.9
825;0690539L;45.733, 4.813;129.7
826;0690564N;45.772, 4.822;142.3
827;0690631L;45.751, 4.814;131.1
828;0692517L;45.820, 4.910;92.8
829;0692717D;45.695, 4.881;78.8
830;0693446W;45.728, 4.822;135.0
831;0693504J;45.818, 4.762;123.6
832;0693786R;45.769, 4.804;130.5
833;0700009E;47.445, 5.588;106.0
834;0701052N;47.630, 6.141;109.7
835;0710012C;46.789, 4.836;115.1
836;0720833P;47.701, -0.080;112.4
837;0721094Y;47.982, 0.228;104.2
838;0721493G;47.993, 0.197;109.5
839;0721684P;48.000, 0.213;119.4
840;0750657G;48.844, 2.335;135.5
841;0750662M;48.852, 2.315;145.2
842;0750670W;48.878, 2.349;127.7
843;0750676C;48.854, 2.392;112.3
844;0750683K;48.827, 2.362;126.4
845;0750685M;48.837, 2.356;118.3
846;0750693W;48.843, 2.312;130.8
847;0750711R;48.881, 2.378;95.4
848;0750712S;48.882, 2.396;109.1
849;0752937K;48.877, 2.290;162.3
850;0753647G;48.841, 2.334;147.6
851;0753809H;48.857, 2.320;146.8
852;0753850C;48.854, 2.327;142.8
853;0753933T;48.860, 2.285;147.7
854;0753948J;48.867, 2.294;139.1
855;0754239A;48.888, 2.334;115.1
856;0754479L;48.870, 2.378;117.7
857;0754684J;48.884, 2.390;154.0
858;0755709Y;48.872, 2.388;138.4
859;0770920G;48.403, 2.798;117.2
860;0770922J;48.883, 2.613;107.7
861;0770942F;48.561, 3.292;101.3
862;0771200L;48.406, 2.703;128.8
863;0771246L;48.965, 2.884;126.7
864;0771336J;48.551, 3.302;101.8
865;0771512A;48.868, 2.719;116.5
866;0772223Y;48.845, 2.586;111.1
867;0772225A;48.759, 2.691;103.0
868;0772229E;48.955, 2.895;104.8
869;0772275E;48.842, 2.705;133.9
870;0772840U;48.263, 2.686;120.5
871;0781578S;48.785, 2.050;126.4
872;0781859X;48.954, 1.855;120.0
873;0781898P;48.947, 2.062;125.2
874;0781951X;48.965, 1.683;111.0
875;0782539L;48.996, 1.693;99.5
876;0782546U;48.923, 2.027;117.7
877;0783286Y;48.896, 2.100;146.4
878;0783297K;48.887, 2.146;144.4
879;0783350T;48.818, 2.137;147.3
880;0783549J;48.896, 2.063;152.1
881;0783657B;48.897, 2.086;147.2
882;0790019S;46.224, -0.144;112.5
883;0790080H;46.837, -0.489;110.2
884;0800010B;49.889, 2.303;119.5
885;0801209E;49.889, 2.308;124.3
886;0801888T;49.884, 2.295;120.5
887;0830025B;43.118, 6.126;106.3
888;0830032J;43.493, 6.357;107.2
889;0830923C;43.115, 5.856;119.0
890;0831207L;43.123, 5.942;121.0
891;0831243A;43.126, 5.926;97.2
892;0840001V;43.876, 5.401;105.6
893;0840021S;43.921, 5.047;118.1
894;0840026X;44.143, 4.802;105.0
895;0840072X;43.945, 4.811;119.3
896;0840075A;44.125, 4.805;119.7
897;0840918S;43.707, 5.505;121.1
898;0850016F;46.454, -1.161;102.3
899;0850032Y;46.505, -1.777;113.8
900;0850086G;46.959, -0.891;121.1
901;0851344Z;46.468, -0.814;111.8
902;0851390Z;46.972, -1.304;115.8
903;0851400K;46.861, -1.024;102.1
904;0851696G;46.686, -1.910;118.8
905;0860005N;46.802, 0.543;102.3
906;0870056N;45.828, 1.249;123.1
907;0870118F;45.839, 1.279;107.3
908;0880036L;48.299, 6.131;110.8
909;0880097C;48.020, 6.587;107.0
910;0880152M;48.300, 6.947;108.4
911;0880153N;48.022, 6.583;108.7
912;0881664F;48.073, 6.876;108.7
913;0890819G;47.799, 3.563;100.4
914;0891199V;47.982, 3.414;102.4
915;0900003P;47.652, 6.856;111.7
916;0910625K;48.705, 2.454;111.8
917;0910626L;48.696, 2.187;152.8
918;0910815S;48.436, 2.158;127.5
919;0910838S;48.711, 2.500;144.4
920;0910843X;48.695, 2.490;137.4
921;0911492C;48.677, 2.166;114.7
922;0911577V;48.687, 2.297;117.8
923;0911578W;48.639, 2.411;91.0
924;0911962N;48.563, 2.441;117.0
925;0912142J;48.686, 2.347;102.7
926;0912384X;48.605, 2.303;133.1
927;0920134W;48.833, 2.238;125.7
928;0920136Y;48.909, 2.307;94.1
929;0920137Z;48.928, 2.241;96.2
930;0920798T;48.802, 2.240;137.0
931;0920906K;48.782, 2.316;144.2
932;0920921B;48.888, 2.265;148.7
933;0921156G;48.921, 2.303;94.4
934;0921594H;48.941, 2.327;92.0
935;0922276Z;48.841, 2.199;104.8
936;0930136T;48.914, 2.492;88.0
937;0930974D;48.886, 2.513;137.3
938;0931797Y;48.933, 2.355;112.6
939;0931812P;48.893, 2.518;125.9
940;0931813R;48.907, 2.512;129.3
941;0932031C;48.862, 2.491;95.2
942;0932034F;48.944, 2.468;82.9
943;0932074Z;48.918, 2.338;85.5
944;0932117W;48.894, 2.408;84.4
945;0932120Z;48.918, 2.516;93.5
946;0932126F;48.949, 2.417;92.2
947;0932221J;48.882, 2.511;93.3
948;0932267J;48.882, 2.429;91.7
949;0932577W;48.935, 2.420;84.9
950;0932653D;48.891, 2.414;107.3
951;0932783V;48.953, 2.368;80.2
952;0940112L;48.817, 2.496;100.2
953;0940115P;48.801, 2.394;92.6
954;0940126B;48.787, 2.424;99.1
955;0940580V;48.789, 2.325;107.4
956;0940822H;48.850, 2.432;138.3
957;0940880W;48.836, 2.470;144.9
958;0940881X;48.839, 2.472;142.3
959;0940891H;48.769, 2.515;134.6
960;0941474S;48.802, 2.351;94.9
961;0941877E;48.822, 2.405;140.0
962;0941952L;48.731, 2.458;85.3
963;0942376X;48.753, 2.396;117.4
964;0950646L;48.985, 2.430;88.6
965;0950759J;49.002, 2.282;139.9
966;0950762M;49.041, 2.094;137.8
967;0950786N;48.992, 2.374;114.0
968;0951048Y;48.981, 2.375;116.4
969;0951399E;49.035, 2.085;105.0
970;0951723G;49.000, 2.146;120.7
971;0951753P;49.088, 2.560;111.3
972;0951766D;48.967, 2.410;78.0
973;0952284S;48.960, 2.187;121.8
974;6200001G;41.918, 8.734;113.8
975;6200043C;41.621, 8.975;105.0
976;6200063Z;41.600, 9.270;102.9
977;7200123W;42.632, 8.944;103.8
978;9710054G;16.236, -61.532;127.0
979;9710774P;16.325, -61.452;101.3
980;9720004X;14.602, -61.084;94.8
981;9720063L;14.616, -61.082;135.2
982;9720694X;14.626, -61.017;101.4
983;9720695Y;14.630, -61.015;113.2
984;9720825P;14.571, -60.970;112.9
985;9730308X;5.154, -52.641;79.1
986;9730328U;4.934, -52.324;102.2
987;9730371R;5.484, -54.018;75.9
988;9740019C;-21.342, 55.490;92.1
989;9740054R;-20.891, 55.467;86.3
990;9740979W;-20.949, 55.292;78.2
991;9741046U;-20.895, 55.450;102.4
992;9741182S;-21.272, 55.437;95.6
993;9741185V;-20.900, 55.546;92.8
994;9741186W;-21.103, 55.302;84.3
995;9741206T;-21.298, 55.457;91.9
996;9741256X;-20.884, 55.449;133.6
997;9741324W;-20.976, 55.652;88.6
998;0140014P;49.163, -0.353;114.6
999;0141796B;49.204, -0.346;114.0
1000;0142120D;48.853, -0.571;106.6
1001;0211091X;47.320, 5.046;119.7
1002;0270016W;49.017, 1.156;105.2
1003;0271282X;49.095, 0.605;108.3
1004;0271580W;49.167, 1.346;104.3
1005;0271582Y;49.268, 1.203;101.0
1006;0460026D;44.858, 1.892;115.9
1007;0500002F;48.678, -1.359;108.4
1008;0500036T;48.830, -1.582;115.4
1009;0500082T;49.508, -1.476;107.3
1010;0593109J;50.643, 3.062;136.8
1011;0595616J;51.011, 2.302;92.0
1012;0610694Y;48.747, -0.015;119.9
1013;0622106C;50.524, 2.647;129.4
1014;0622114L;50.436, 2.822;121.1
1015;0622199D;50.750, 2.261;111.6
1016;0710112L;46.453, 4.121;118.5
1017;0731040J;45.686, 5.920;124.9
1018;0760005T;49.557, 0.953;112.5
1019;0760058A;49.516, 0.166;87.9
1020;0760072R;49.522, 0.547;104.8
1021;0760095R;49.433, 1.086;105.1
1022;0760174B;49.501, 0.110;91.3
1023;0761708U;49.290, 1.015;121.9
1024;0761710W;49.500, 0.106;138.6
1025;0761718E;49.475, 1.126;132.9
1026;0761721H;49.622, 0.760;124.3
1027;0763002A;49.920, 1.058;93.5
1028;0763409T;49.449, 1.098;135.5
1029;0860755D;46.602, 0.340;130.8
1030;0890067P;48.206, 3.291;119.6
1031;0912364A;48.534, 1.990;120.8
1032;0420043U;45.417, 4.410;105.6
1033;0421788R;45.753, 4.227;112.4
1034;0590072H;51.018, 2.355;89.7
1035;0590119J;50.615, 3.078;115.1
1036;0590122M;50.648, 3.072;92.2
1037;0593007Y;50.640, 3.089;132.7
1038;0593040J;50.480, 3.244;128.2
1039;0593078A;50.720, 2.534;108.4
1040;0593102B;51.034, 2.383;123.2
1041;9760182U;-12.847, 45.113;89.7
1042;9760338N;-12.865, 45.199;68.3
1043;0110019L;43.051, 2.219;105.3
1044;0160062F;45.650, 0.149;131.8
1045;0300021K;43.835, 4.357;115.0
1046;0301862L;43.777, 4.068;122.8
1047;0331498Z;44.833, -0.571;123.7
1048;0340023R;43.626, 3.432;113.1
1049;0340039H;43.603, 3.873;110.6
1050;0340059E;43.458, 3.416;112.7
1051;0340871M;43.346, 3.220;128.3
1052;0341521U;43.679, 3.872;133.2
1053;0341736C;43.629, 3.831;100.8
1054;0342298N;43.630, 3.441;121.6
1055;0342436N;43.647, 3.542;118.4
1056;0640181Z;43.381, -1.305;114.0
1057;0660010C;42.695, 2.886;107.9
1058;0660856X;42.702, 3.028;111.6
1059;0660924W;42.565, 3.007;108.9
1060;0660931D;42.621, 3.012;128.4
1061;0754025T;48.846, 2.323;138.5
1062;0020031Y;49.930, 4.079;98.5
1063;0071126L;45.242, 4.678;116.9
1064;0090002D;42.962, 1.605;116.3
1065;0110004V;43.222, 2.346;109.3
1066;0110007Y;43.214, 2.371;104.5
1067;0120012Y;44.092, 3.055;111.9
1068;0121438Y;44.349, 2.578;121.0
1069;0130002G;43.534, 5.459;124.3
1070;0220018A;48.558, -3.147;108.3
1071;0260017C;44.363, 5.140;110.3
1072;0260023J;45.050, 5.040;108.7
1073;0260034W;44.928, 4.887;116.3
1074;0260072M;44.726, 5.023;121.9
1075;0260074P;44.932, 4.909;120.6
1076;0290007A;48.406, -4.479;121.7
1077;0290168A;47.864, -4.218;119.1
1078;0310024H;43.454, 1.331;115.6
1079;0310036W;43.603, 1.440;137.2
1080;0310038Y;43.559, 1.460;131.6
1081;0310039Z;43.587, 1.443;118.0
1082;0310044E;43.589, 1.426;102.7
1083;0311131L;43.105, 0.722;117.0
1084;0311133N;43.600, 1.461;143.4
1085;0311147D;43.607, 1.443;130.6
1086;0311586F;43.627, 1.442;109.8
1087;0312267W;43.592, 1.419;115.7
1088;0312686B;43.653, 1.376;125.1
1089;0312696M;43.835, 1.401;125.3
1090;0312746S;43.577, 1.313;136.0
1091;0312754A;43.529, 1.208;127.8
1092;0313016K;43.741, 1.370;122.5
1093;0320023B;43.517, 0.404;112.5
1094;0330028B;44.829, -0.564;123.6
1095;0332722E;44.809, -0.651;128.0
1096;0350808N;48.125, -1.209;113.6
1097;0352072M;48.651, -2.026;129.5
1098;0380018N;45.174, 5.726;113.6
1099;0380049X;44.903, 5.784;118.6
1100;0380089R;45.068, 5.770;122.3
1101;0380097Z;45.063, 5.555;136.4
1102;0381666E;45.189, 5.735;135.3
1103;0381670J;45.372, 4.801;106.8
1104;0383069E;45.673, 5.477;108.3
1105;0383550C;45.724, 5.215;117.5
1106;0440176C;47.243, -1.605;131.6
1107;0460013P;44.734, 1.377;108.0
1108;0460493L;44.464, 1.455;117.5
1109;0492430A;47.192, -0.993;103.3
1110;0590018Z;50.121, 3.924;101.2
1111;0590034S;50.173, 3.243;101.8
1112;0590044C;50.126, 3.402;84.3
1113;0590086Y;50.543, 2.981;125.5
1114;0590101P;50.731, 2.529;114.6
1115;0590207E;50.349, 3.283;100.2
1116;0593061G;50.170, 3.230;120.1
1117;0593071T;50.372, 3.082;103.0
1118;0593104D;50.009, 4.050;103.0
1119;0594424N;50.626, 3.132;104.9
1120;0620040G;50.530, 2.643;117.7
1121;0620042J;50.521, 2.654;101.4
1122;0620056Z;50.480, 2.544;95.1
1123;0620059C;50.438, 2.712;92.4
1124;0622807P;50.518, 1.596;121.0
1125;0623902E;50.518, 2.663;96.4
1126;0624141P;50.952, 1.880;99.4
1127;0650012K;43.127, 0.387;114.7
1128;0730013T;45.567, 5.919;132.3
1129;0730043A;45.751, 6.416;112.2
1130;0740013M;46.079, 6.411;104.7
1131;0740051D;46.400, 6.579;118.3
1132;0740054G;45.907, 6.129;91.7
1133;0740082M;45.892, 6.124;136.4
1134;0741669M;45.926, 6.872;126.8
1135;0810005R;43.922, 2.158;120.5
1136;0810018E;43.603, 2.234;97.9
1137;0810068J;43.923, 2.143;121.8
1138;0810079W;43.484, 2.374;109.8
1139;0820020B;44.013, 1.361;117.9
1140;0820021C;44.014, 1.369;106.2
1141;0820044C;44.000, 1.361;124.0
1142;0820899G;44.114, 0.897;106.7
1143;0850027T;46.658, -1.433;113.0
1144;0910676R;48.711, 2.393;100.5
1145;0912251C;48.704, 2.237;118.8
1146;0920147K;48.877, 2.223;114.8
1147;0133406G;43.191, 5.614;129.6
1148;0330109P;44.581, -0.040;108.6
1149;9710722H;16.239, -61.537;97.7
1150;9710940V;16.334, -61.713;99.3
1151;0010006B;46.112, 5.818;99.2
1152;0010010F;45.762, 5.690;108.7
1153;0010034G;46.256, 5.661;86.9
1154;0010070W;46.199, 5.223;130.0
1155;0010075B;45.825, 4.951;128.9
1156;0011457D;46.259, 5.656;114.0
1157;0021872Z;49.563, 3.622;111.8
1158;0022108F;49.376, 3.336;118.3
1159;0030084A;46.563, 3.330;107.1
1160;0040490L;44.074, 6.182;117.3
1161;0060013G;43.556, 7.019;95.0
1162;0060020P;43.651, 6.922;114.1
1163;0060033D;43.700, 7.249;105.7
1164;0060075Z;43.676, 7.222;116.4
1165;0060670W;43.552, 7.031;126.9
1166;0060673Z;43.553, 7.010;133.2
1167;0060674A;43.659, 6.921;137.6
1168;0060735S;43.555, 7.000;112.1
1169;0060774J;43.702, 7.283;115.5
1170;0061691F;43.685, 7.199;100.2
1171;0080027L;49.761, 4.713;88.9
1172;0080053P;49.397, 4.697;106.8
1173;0080081V;49.700, 4.930;113.9
1174;0100015M;48.514, 3.718;98.9
1175;0100022V;48.270, 4.077;104.3
1176;0100023W;48.305, 4.063;97.9
1177;0100046W;48.296, 4.074;122.9
1178;0130011S;43.672, 4.629;105.9
1179;0130042A;43.292, 5.378;98.4
1180;0130143K;43.422, 5.059;106.3
1181;0130160D;43.638, 5.098;115.3
1182;0130164H;43.801, 4.664;98.2
1183;0131342N;43.298, 5.393;115.3
1184;0131862D;43.528, 5.453;136.9
1185;0132280H;43.391, 4.805;97.4
1186;0132828D;43.302, 5.457;121.3
1187;0133195C;43.587, 5.009;96.0
1188;0133288D;43.425, 5.272;105.9
1189;0133314G;43.396, 5.235;129.0
1190;0133396W;43.286, 5.379;107.7
1191;0133424B;43.451, 5.241;114.9
1192;0133446A;43.315, 5.441;107.0
1193;0133555U;43.287, 5.382;124.5
1194;0150646W;44.928, 2.439;124.0
1195;0150747F;45.213, 2.341;111.0
1196;0170020E;45.579, -0.551;104.9
1197;0170022G;45.951, -0.970;112.8
1198;0170027M;46.156, -1.138;117.7
1199;0170058W;45.737, -0.643;116.2
1200;0180007K;47.073, 2.410;111.9
1201;0180024D;46.734, 2.515;105.8
1202;0190018S;45.406, 2.057;111.1
1203;0190032G;45.268, 1.768;116.1
1204;0210013A;47.864, 4.579;107.8
1205;0210018F;47.318, 5.051;112.1
1206;0210019G;47.313, 5.037;99.3
1207;0220023F;48.732, -3.450;127.9
1208;0250010A;47.265, 6.042;108.9
1209;0250043L;46.915, 6.350;107.9
1210;0251671F;47.062, 6.607;103.8
1211;0280015P;48.073, 1.334;106.7
1212;0280665W;48.450, 1.494;133.1
1213;0280667Y;48.738, 1.375;130.1
1214;0290069T;47.994, -4.113;123.9
1215;0290170C;48.001, -4.102;124.4
1216;0290186V;47.995, -4.114;110.2
1217;0290194D;48.090, -4.327;110.7
1218;0290340M;48.389, -4.469;119.0
1219;0330018R;44.912, -0.620;111.4
1220;0330022V;44.850, -0.582;124.6
1221;0330026Z;44.827, -0.585;137.1
1222;0330088S;44.917, -0.241;108.6
1223;0331502D;44.854, -0.597;137.5
1224;0332747G;44.859, -0.578;91.2
1225;0332831Y;44.906, -0.714;132.7
1226;0333307R;45.195, -0.750;115.2
1227;0333406Y;44.987, -0.438;122.4
1228;0350030T;48.135, -1.682;124.7
1229;0350053T;48.119, -1.214;110.7
1230;0350793X;48.130, -1.598;126.6
1231;0350801F;48.160, -1.675;134.9
1232;0351930H;48.198, -2.045;112.9
1233;0352318E;47.849, -1.693;114.6
1234;0352341E;48.025, -1.746;131.8
1235;0352950S;48.205, -1.502;124.3
1236;0370009J;47.163, 0.235;112.3
1237;0370727P;47.401, 0.684;131.3
1238;0370881G;47.403, 0.716;131.2
1239;0390033Z;46.835, 5.709;111.6
1240;0390042J;46.949, 5.881;119.6
1241;0391092A;46.744, 5.925;111.5
1242;0391146J;47.094, 5.490;113.3
1243;0400027M;43.549, -1.091;105.4
1244;0410001D;47.597, 1.330;110.8
1245;0420041S;45.437, 4.393;109.8
1246;0420973E;45.610, 4.065;115.9
1247;0421976V;45.530, 4.270;119.8
1248;0430058E;45.292, 4.185;115.8
1249;0430065M;45.142, 4.122;103.3
1250;0440077V;47.365, -1.940;116.3
1251;0441982R;47.233, -1.521;125.4
1252;0441993C;47.231, -1.593;96.9
1253;0442112G;47.331, -2.421;113.9
1254;0442725Y;47.222, -1.559;128.6
1255;0442899M;47.435, -1.508;122.0
1256;0450040Z;48.011, 2.757;101.2
1257;0450064A;47.912, 1.948;115.6
1258;0451304Y;47.865, 1.879;114.1
1259;0451442Y;48.004, 2.716;92.1
1260;0490040C;47.255, -0.076;108.8
1261;0490054T;47.070, -0.890;114.3
1262;0490837U;47.156, -0.638;107.6
1263;0490904S;47.064, -0.868;115.4
1264;0492148U;47.441, -0.529;114.0
1265;0492224B;47.218, -0.728;118.7
1266;0511130B;49.259, 4.036;132.0
1267;0511565Z;49.229, 4.006;105.0
1268;0511926S;49.243, 4.027;121.4
1269;0520685M;48.078, 5.146;112.1
1270;0521032P;48.073, 5.147;110.6
1271;0530049R;48.063, -0.767;119.4
1272;0530052U;48.296, -0.616;108.8
1273;0530949U;48.152, -0.399;106.1
1274;0540038Y;48.691, 6.179;124.9
1275;0540042C;48.690, 6.192;120.1
1276;0540058V;48.906, 6.057;114.4
1277;0541270M;48.909, 6.057;113.2
1278;0541312H;48.587, 6.497;111.5
1279;0542208G;48.663, 6.152;116.0
1280;0542408Z;48.690, 6.188;119.7
1281;0550072E;49.486, 5.198;98.1
1282;0560027A;47.745, -3.380;95.5
1283;0560051B;47.648, -2.770;120.6
1284;0560096A;48.139, -3.609;100.8
1285;0561698S;47.765, -3.344;115.7
1286;0570023R;49.305, 6.112;88.4
1287;0570081D;48.768, 7.261;107.6
1288;0570094T;48.739, 7.060;107.7
1289;0570107G;49.358, 6.162;114.1
1290;0572590F;49.244, 6.173;95.6
1291;0572757M;49.109, 6.168;114.2
1292;0573227Y;49.124, 6.163;106.7
1293;0580008U;47.457, 3.531;106.1
1294;0596925G;50.523, 3.219;130.6
1295;0600002B;49.415, 2.109;103.7
1296;0601700X;49.416, 2.829;124.0
1297;0601824G;49.436, 2.082;108.0
1298;0601826J;49.192, 2.571;119.2
1299;0620093P;50.411, 2.960;96.6
1300;0620256S;50.280, 2.795;103.9
1301;0630021F;45.763, 3.131;115.3
1302;0631034G;45.893, 3.108;126.9
1303;0631847R;45.779, 3.092;142.7
1304;0640010N;43.481, -1.480;122.7
1305;0640046C;43.181, -0.255;122.7
1306;0640057P;43.300, -0.360;120.2
1307;0640131V;43.314, -0.375;130.4
1308;0641779L;43.228, -0.874;108.3
1309;0641839B;43.333, -0.436;121.8
1310;0670057Y;48.741, 7.361;110.5
1311;0670079X;48.582, 7.752;129.9
1312;0670082A;48.575, 7.738;101.8
1313;0671509B;48.801, 7.767;111.3
1314;0671610L;48.588, 7.743;130.9
1315;0680001G;47.612, 7.233;112.2
1316;0680007N;48.073, 7.356;123.0
1317;0680016Y;47.906, 7.214;116.7
1318;0680032R;47.749, 7.342;99.6
1319;0680037W;47.748, 7.320;71.8
1320;0680151V;47.744, 7.337;126.9
1321;0681882B;48.070, 7.351;87.5
1322;0690042W;45.745, 4.860;92.3
1323;0690521S;45.766, 4.827;138.1
1324;0690522T;45.764, 4.826;144.0
1325;0690542P;45.723, 4.810;119.6
1326;0690543R;45.711, 4.810;135.0
1327;0690571W;45.755, 4.829;139.0
1328;0690646C;45.766, 4.850;119.6
1329;0690671E;45.772, 4.830;131.6
1330;0693267B;45.891, 4.439;118.4
1331;0694026B;45.876, 4.847;130.3
1332;0694069Y;45.824, 4.598;131.4
1333;0694086S;45.771, 4.976;107.1
1334;0701035V;47.574, 6.762;113.0
1335;0701078S;47.825, 6.378;101.0
1336;0710026T;46.804, 4.406;106.1
1337;0710071S;46.574, 4.907;116.7
1338;0720012X;47.699, 0.413;104.6
1339;0720033V;47.996, 0.203;109.4
1340;0720822C;48.022, 0.178;116.0
1341;0720837U;48.003, 0.200;125.0
1342;0750428H;48.848, 2.342;87.9
1343;0750651A;48.861, 2.364;122.3
1344;0750653C;48.855, 2.358;134.3
1345;0750663N;48.882, 2.320;130.9
1346;0750667T;48.875, 2.327;132.4
1347;0750669V;48.884, 2.329;127.2
1348;0750688R;48.899, 2.346;98.9
1349;0750698B;48.842, 2.255;126.5
1350;0750708M;48.881, 2.304;120.1
1351;0750715V;48.848, 2.408;120.3
1352;0753217P;48.851, 2.272;114.6
1353;0753827C;48.841, 2.356;135.0
1354;0753834K;48.818, 2.362;136.6
1355;0753840S;48.846, 2.328;147.8
1356;0753851D;48.859, 2.306;145.8
1357;0753852E;48.847, 2.315;146.5
1358;0753873C;48.879, 2.316;149.1
1359;0753874D;48.848, 2.291;161.0
1360;0753916Z;48.843, 2.286;140.5
1361;0754016H;48.881, 2.375;131.5
1362;0754030Y;48.850, 2.320;135.0
1363;0754475G;48.838, 2.302;99.8
1364;0754530S;48.866, 2.394;88.4
1365;0755352K;48.877, 2.373;127.4
1366;0770918E;48.410, 2.736;113.9
1367;0770927P;48.409, 2.696;138.6
1368;0770931U;48.955, 2.867;110.9
1369;0770934X;48.551, 2.660;86.0
1370;0771027Y;48.519, 2.648;108.7
1371;0771232W;48.406, 2.689;136.8
1372;0771940R;48.841, 2.616;104.3
1373;0772230F;48.698, 2.595;118.6
1374;0772290W;48.562, 3.294;124.6
1375;0772292Y;48.840, 2.718;121.8
1376;0772296C;48.633, 2.576;103.4
1377;0772332S;48.573, 2.609;120.4
1378;0772342C;48.743, 2.749;118.9
1379;0781845G;48.999, 2.096;118.8
1380;0782132U;48.894, 2.098;142.0
1381;0782549X;48.641, 1.825;132.3
1382;0782565P;48.795, 2.121;130.3
1383;0783288A;48.894, 2.075;145.8
1384;0783289B;48.988, 1.722;136.2
1385;0783548H;48.771, 2.122;161.6
1386;0790023W;46.331, -0.469;122.7
1387;0791062A;46.317, -0.486;113.2
1388;0800011C;49.879, 2.297;90.9
1389;0800046R;49.935, 2.941;92.0
1390;0801874C;49.882, 2.324;122.7
1391;0801882L;49.896, 2.276;94.5
1392;0830050D;43.100, 5.878;108.4
1393;0830095C;43.101, 5.877;132.1
1394;0831616F;43.126, 5.978;115.1
1395;0840003X;43.947, 4.802;108.7
1396;0840059H;43.948, 4.814;130.0
1397;0850025R;46.671, -1.445;108.2
1398;0850077X;46.457, -1.164;109.4
1399;0850136L;46.981, -1.314;116.2
1400;0851705S;46.754, -1.623;103.4
1401;0860009T;46.149, 0.294;108.0
1402;0870003F;46.126, 1.062;102.1
1403;0870019Y;45.829, 1.246;95.2
1404;0870040W;45.892, 0.897;110.7
1405;0880020U;48.167, 6.455;114.2
1406;0880040R;48.359, 5.697;100.0
1407;0890008A;47.488, 3.915;109.2
1408;0890032B;47.857, 3.973;99.9
1409;0910630R;48.483, 2.337;123.0
1410;0910687C;48.734, 2.266;120.3
1411;0911632E;48.580, 2.245;126.2
1412;0911844K;48.739, 2.244;150.9
1413;0911913K;48.700, 2.097;146.7
1414;0912161E;48.609, 2.483;129.2
1415;0920138A;48.899, 2.258;124.6
1416;0920142E;48.886, 2.274;149.3
1417;0920146J;48.778, 2.288;142.5
1418;0920801W;48.849, 2.214;141.0
1419;0920907L;48.758, 2.271;143.2
1420;0920919Z;48.882, 2.281;146.7
1421;0920928J;48.859, 2.183;147.3
1422;0921166T;48.767, 2.256;110.1
1423;0921365J;48.860, 2.172;148.4
1424;0921484N;48.903, 2.276;143.0
1425;0922149L;48.903, 2.300;95.5
1426;0922801V;48.827, 2.242;120.5
1427;0930117X;48.914, 2.390;79.3
1428;0930121B;48.864, 2.449;102.6
1429;0930122C;48.858, 2.446;98.7
1430;0930124E;48.905, 2.394;83.5
1431;0930135S;48.895, 2.410;88.2
1432;0930834B;48.945, 2.508;79.6
1433;0930936M;48.871, 2.418;107.4
1434;0930962R;48.912, 2.434;101.2
1435;0931430Z;48.930, 2.400;79.0
1436;0931584S;48.960, 2.547;89.9
1437;0931585T;48.913, 2.520;105.5
1438;0932047V;48.845, 2.539;111.8
1439;0932119Y;48.875, 2.431;88.2
1440;0932638M;48.842, 2.541;121.9
1441;0940137N;48.830, 2.466;131.5
1442;0940742W;48.744, 2.511;107.0
1443;0940821G;48.849, 2.427;124.5
1444;0940882Y;48.840, 2.419;137.6
1445;0941294W;48.780, 2.373;97.3
1446;0941918Z;48.760, 2.526;122.5
1447;0941951K;48.815, 2.535;98.5
1448;0942269F;48.773, 2.340;103.8
1449;0942443V;48.792, 2.354;120.5
1450;0950647M;49.108, 2.425;119.2
1451;0951221L;49.051, 2.097;142.9
1452;0951710T;49.033, 2.022;123.7
1453;0951748J;49.146, 2.295;106.8
1454;0951787B;48.969, 2.395;76.6
1455;0951922Y;48.972, 2.336;103.9
1456;7200719U;41.996, 9.406;103.1
1457;9710884J;16.007, -61.740;101.2
1458;9710921Z;16.269, -61.514;91.2
1459;9720070U;14.622, -61.078;100.7
1460;9720725F;14.513, -60.966;111.0
1461;9720727H;14.476, -60.875;96.6
1462;9720771F;14.615, -60.903;104.7
1463;9730001N;4.928, -52.316;80.7
1464;9730196A;4.880, -52.289;96.0
1465;9730309Y;4.939, -52.307;92.6
1466;9730423X;4.907, -52.278;111.1
1467;9730513V;5.487, -53.995;78.5
1468;9740045F;-21.239, 55.336;111.9
1469;9740597F;-21.028, 55.271;105.5
1470;9740787M;-21.274, 55.415;81.0
1471;9741051Z;-21.002, 55.683;91.0
1472;9741263E;-21.258, 55.508;101.5
1473;9741380G;-20.978, 55.317;98.0
1474;0080045F;49.694, 4.948;96.1
1475;0100059K;48.297, 4.082;115.0
1476;0140013N;49.175, -0.373;125.0
1477;0140043W;49.364, 0.074;111.3
1478;0141164P;49.190, -0.355;127.5
1479;0141274J;49.285, -0.712;109.7
1480;0141687H;49.167, -0.328;96.2
1481;0142084P;49.211, -0.373;115.8
1482;0142107P;49.184, -0.379;124.8
1483;0211090W;47.330, 5.017;122.0
1484;0271051W;48.741, 0.894;136.7
1485;0271585B;49.249, 1.434;101.3
1486;0310017A;43.077, 0.584;109.8
1487;0352009U;48.127, -1.689;118.6
1488;0500049G;48.645, -0.941;105.4
1489;0500112A;48.687, -1.367;107.7
1490;0500119H;48.840, -1.592;122.9
1491;0501850P;48.831, -1.581;104.3
1492;0561507J;47.879, -2.828;96.0
1493;0580076T;47.412, 2.924;104.7
1494;0593114P;50.628, 3.049;143.4
1495;0593141U;50.359, 3.530;126.5
1496;0596122J;50.690, 3.121;163.0
1497;0610006A;48.745, -0.015;100.5
1498;0610018N;48.587, -0.360;106.1
1499;0611148S;48.513, 0.553;106.5
1500;0620108F;50.431, 2.838;87.1
1501;0622120T;50.754, 2.256;119.8
1502;0622276M;50.398, 1.559;104.6
1503;0711494N;46.949, 4.295;100.4
1504;0711896A;46.791, 4.857;117.0
1505;0760032X;50.053, 1.417;107.1
1506;0760052U;49.496, 0.114;118.8
1507;0760076V;49.544, 0.175;118.5
1508;0760091L;49.444, 1.108;124.2
1509;0760110G;49.415, 1.085;104.4
1510;0761356L;49.444, 1.079;116.0
1511;0761715B;49.448, 1.084;134.6
1512;0762442S;49.768, 1.373;103.9
1513;0762600N;49.617, 1.538;107.5
1514;0762601P;49.737, 1.438;101.0
1515;0763237F;49.443, 1.019;113.8
1516;0763500S;49.484, 0.136;119.6
1517;0890064L;47.487, 3.907;107.8
1518;0890070T;47.812, 3.560;116.3
1519;0332744D;44.870, -0.521;99.3
1520;0420008F;46.170, 4.171;112.0
1521;0590112B;50.123, 3.686;102.1
1522;0590223X;50.358, 3.510;92.1
1523;0592928M;50.201, 3.831;104.1
1524;0592932S;50.602, 2.919;136.3
1525;0592963A;50.687, 3.171;95.1
1526;0660057D;42.516, 2.042;119.6
1527;0660809W;42.717, 2.886;99.1
1528;0693478F;45.694, 4.942;102.8
1529;0720055U;48.195, -0.121;107.9
1530;0850006V;46.685, -1.049;99.1
1531;0110670U;43.186, 3.006;120.2
1532;0300026R;43.828, 4.356;107.3
1533;0300080Z;43.835, 4.371;120.9
1534;0300083C;43.837, 4.352;114.4
1535;0301778V;44.093, 4.083;106.4
1536;0331556M;44.832, -0.580;125.0
1537;0340005W;43.610, 3.154;107.8
1538;0340881Y;43.610, 3.869;137.3
1539;0340920R;43.637, 3.833;117.6
1540;0341765J;43.602, 3.883;121.8
1541;0342266D;43.621, 3.879;125.1
1542;0470063N;44.498, 0.172;111.8
1543;0480009Z;44.525, 3.478;115.4
1544;0480022N;44.725, 3.853;113.7
1545;0640125N;43.172, -0.266;122.4
1546;0660004W;42.485, 2.753;108.6
1547;0693734J;46.104, 4.747;113.0
1548;0753838P;48.846, 2.332;144.0
1549;0753897D;48.842, 2.397;144.9
1550;0754860A;48.851, 2.319;139.0
1551;0110045P;43.212, 2.349;121.4
1552;0940743X;48.727, 2.439;95.8
1553;0011194T;45.962, 5.346;116.3
1554;0022044L;49.364, 3.316;90.7
1555;0070004S;44.625, 4.389;110.2
1556;0070064G;44.616, 4.388;113.9
1557;0070066J;44.374, 4.645;117.1
1558;0070069M;44.736, 4.601;106.7
1559;0120025M;43.950, 2.896;111.6
1560;0130003H;43.529, 5.455;130.0
1561;0260008T;44.757, 5.367;126.2
1562;0260069J;44.931, 4.909;125.4
1563;0260071L;44.925, 4.890;127.4
1564;0260113G;44.571, 4.760;105.3
1565;0261505V;44.918, 4.917;112.6
1566;0310028M;43.456, 2.012;117.6
1567;0310047H;43.610, 1.442;134.7
1568;0311132M;43.679, 1.368;134.9
1569;0311145B;43.593, 1.474;142.7
1570;0311902Z;43.616, 1.476;116.1
1571;0312355S;43.602, 1.333;119.8
1572;0312356T;43.622, 1.462;119.5
1573;0312759F;43.573, 1.426;86.3
1574;0320002D;43.654, 0.578;119.8
1575;0320025D;43.754, -0.028;102.9
1576;0330027A;44.839, -0.556;115.1
1577;0350026N;48.117, -1.670;129.1
1578;0350783L;48.099, -1.685;124.7
1579;0352471W;48.551, -1.754;112.5
1580;0352867B;48.100, -1.808;125.9
1581;0380035G;45.168, 5.709;120.5
1582;0380073Y;45.564, 5.442;115.4
1583;0381599G;45.368, 4.802;98.0
1584;0382895R;45.623, 5.218;106.3
1585;0383242T;45.195, 5.712;146.2
1586;0383263R;45.251, 5.899;135.3
1587;0460039T;44.612, 2.034;113.6
1588;0590071G;51.037, 2.384;105.4
1589;0590083V;50.010, 4.043;94.4
1590;0590143K;50.662, 3.086;127.2
1591;0590184E;50.696, 3.197;81.6
1592;0590212K;50.713, 3.157;98.2
1593;0590221V;50.364, 3.521;102.0
1594;0590233H;50.707, 3.232;83.5
1595;0593225K;50.680, 3.107;144.7
1596;0596681S;50.614, 3.054;112.9
1597;0601897L;49.662, 1.948;79.2
1598;0620017G;50.507, 2.476;84.5
1599;0620095S;50.431, 2.947;91.7
1600;0620161N;50.748, 2.259;106.1
1601;0620166U;50.386, 2.346;103.7
1602;0650027B;43.230, 0.065;116.6
1603;0650058K;43.095, -0.044;105.0
1604;0650885J;43.222, 0.506;117.1
1605;0740005D;45.899, 6.116;120.8
1606;0740097D;46.143, 6.080;133.0
1607;0740098E;45.941, 6.643;111.7
1608;0740143D;46.059, 6.579;119.1
1609;0741469V;45.868, 5.945;115.9
1610;0750704H;48.884, 2.308;135.4
1611;0810071M;43.596, 2.235;123.0
1612;0820917B;43.963, 1.248;110.3
1613;0841158C;44.384, 4.991;109.6
1614;0910824B;48.661, 2.267;139.5
1615;0911938M;48.719, 2.234;131.2
1616;0130001F;43.511, 5.460;124.6
1617;0130010R;43.697, 4.639;100.4
1618;0240035H;44.869, 1.206;108.0
1619;0251028G;47.259, 6.020;125.6
1620;9710922A;16.248, -61.370;111.7
1621;9711032V;16.261, -61.586;119.8
1622;0332468D;44.866, -0.567;106.2
1623;0010016M;46.198, 5.224;111.7
1624;0010032E;46.155, 5.603;105.9
1625;0010878Z;46.328, 6.063;136.7
1626;0021869W;49.042, 3.401;112.4
1627;0021874B;49.376, 3.323;119.9
1628;0021939X;49.054, 3.400;110.0
1629;0022042J;49.853, 3.307;87.9
1630;0040034R;44.091, 6.241;116.5
1631;0050003B;44.900, 6.639;118.7
1632;0050006E;44.561, 6.076;119.8
1633;0050035L;44.565, 6.078;120.7
1634;0060011E;43.564, 7.018;107.0
1635;0060026W;43.777, 7.485;98.5
1636;0060031B;43.704, 7.271;118.4
1637;0060034E;43.668, 7.212;110.3
1638;0080040A;49.929, 4.655;89.1
1639;0080082W;49.772, 4.722;118.0
1640;0081047V;49.679, 4.982;107.1
1641;0130048G;43.347, 5.355;80.4
1642;0130050J;43.325, 5.414;87.7
1643;0130161E;43.635, 5.098;124.2
1644;0131323T;43.256, 5.395;146.6
1645;0131335F;43.303, 5.402;134.4
1646;0131348V;43.329, 5.419;118.8
1647;0131391S;43.534, 5.450;134.9
1648;0131402D;43.288, 5.375;123.2
1649;0131549N;43.292, 5.560;116.4
1650;0131681G;43.287, 5.466;112.2
1651;0132495S;43.503, 4.987;105.0
1652;0133286B;43.304, 5.372;79.9
1653;0133425C;43.530, 5.438;125.9
1654;0133525L;43.480, 5.412;137.0
1655;0133931C;43.352, 5.359;103.0
1656;0134004G;43.640, 4.795;121.4
1657;0134155W;43.346, 5.414;94.4
1658;0160003S;45.653, 0.182;103.2
1659;0160010Z;45.474, -0.150;109.8
1660;0170042D;45.620, -1.005;113.4
1661;0171418Z;46.157, -1.182;112.0
1662;0180036S;47.228, 2.063;97.9
1663;0190010H;45.158, 1.524;115.2
1664;0190056H;45.093, 1.941;101.5
1665;0210006T;47.030, 4.838;119.1
1666;0211033J;47.335, 5.070;122.6
1667;0212015B;47.321, 5.051;99.5
1668;0212045J;47.030, 4.851;113.2
1669;0220056S;48.505, -2.747;110.8
1670;0220058U;48.512, -2.736;113.7
1671;0220060W;48.520, -2.780;119.4
1672;0220107X;48.235, -3.314;104.5
1673;0220117H;48.519, -2.736;117.0
1674;0220196U;48.474, -2.504;108.7
1675;0221571N;48.781, -3.058;114.3
1676;0230002C;45.953, 2.167;106.4
1677;0230020X;46.172, 1.871;113.9
1678;0240079F;45.189, 0.723;126.6
1679;0251021Z;47.245, 6.037;126.4
1680;0281047L;48.446, 1.508;111.3
1681;0290071V;47.988, -4.088;107.5
1682;0290198H;48.513, -4.080;107.4
1683;0290336H;48.403, -4.459;129.9
1684;0290338K;48.396, -4.491;140.5
1685;0291654R;47.874, -3.922;118.4
1686;0292137R;48.273, -3.560;132.9
1687;0330003Z;44.654, -1.165;118.2
1688;0330021U;44.833, -0.573;134.1
1689;0330029C;44.824, -0.570;122.3
1690;0331488N;44.655, -1.153;127.5
1691;0331491S;44.824, -0.582;134.4
1692;0332724G;44.754, -1.077;120.7
1693;0332745E;44.916, -0.635;120.6
1694;0333273D;44.786, -0.564;117.8
1695;0350710G;48.123, -1.649;137.2
1696;0350774B;47.650, -2.083;113.6
1697;0350795Z;48.125, -1.669;123.9
1698;0352304P;48.116, -1.599;135.1
1699;0360009P;46.809, 1.709;103.9
1700;0360024F;46.956, 2.000;105.0
1701;0370001A;47.401, 0.982;116.4
1702;0370036N;47.387, 0.687;120.4
1703;0370749N;47.346, 0.722;132.6
1704;0371417P;47.339, 0.659;115.3
1705;0390013C;47.082, 5.471;106.9
1706;0390019J;46.680, 5.551;114.1
1707;0390027T;46.518, 6.027;110.4
1708;0390091M;46.746, 5.906;107.3
1709;0400018C;43.883, -0.487;112.3
1710;0400046H;44.356, -1.071;107.6
1711;0400933X;43.668, -1.294;118.2
1712;0401002X;43.727, -1.043;111.0
1713;0410002E;47.595, 1.339;113.2
1714;0411071S;47.387, 1.250;129.2
1715;0420013L;45.388, 4.283;97.9
1716;0420014M;45.389, 4.291;99.8
1717;0421034W;45.431, 4.398;112.7
1718;0422132P;45.743, 4.014;113.0
1719;0422318S;45.647, 4.228;117.9
1720;0430053Z;45.291, 3.388;110.6
1721;0430947W;45.285, 4.175;115.1
1722;0430968U;45.046, 3.882;114.4
1723;0440022K;47.217, -1.561;140.3
1724;0440024M;47.216, -1.569;145.1
1725;0440069L;47.273, -2.233;111.3
1726;0440163N;47.223, -1.556;139.1
1727;0440175B;47.519, -2.039;108.9
1728;0440177D;47.269, -2.219;129.5
1729;0442309W;47.156, -1.682;123.9
1730;0442752C;47.093, -1.268;120.5
1731;0442834S;47.280, -1.491;133.2
1732;0450042B;48.000, 2.715;105.4
1733;0450049J;47.909, 1.910;111.8
1734;0450051L;47.911, 1.911;103.8
1735;0450107X;47.999, 2.728;113.2
1736;0450757D;47.905, 1.922;126.1
1737;0451483T;47.920, 1.831;110.9
1738;0470003Y;44.199, 0.615;107.2
1739;0470004Z;44.187, 0.623;78.2
1740;0470038L;44.394, 0.710;100.0
1741;0490002L;47.476, -0.546;121.3
1742;0490782J;47.690, -0.878;108.3
1743;0490824E;47.469, -0.551;136.5
1744;0490835S;47.360, -0.860;116.8
1745;0492061Z;47.476, -0.570;121.7
1746;0492407A;47.460, -0.528;131.9
1747;0510006E;48.960, 4.363;117.9
1748;0510034K;49.263, 4.027;105.9
1749;0510062R;48.728, 4.597;98.9
1750;0520027X;48.643, 4.964;90.5
1751;0520844K;48.107, 5.148;102.4
1752;0540030P;49.521, 5.759;99.2
1753;0541286E;49.256, 5.935;100.4
1754;0541309E;49.518, 5.766;109.6
1755;0560038M;48.066, -2.963;105.6
1756;0560098C;47.806, -3.280;114.5
1757;0560114V;47.654, -2.761;128.9
1758;0560117Y;47.650, -2.763;126.8
1759;0560182U;48.072, -2.961;109.9
1760;0561534N;47.672, -2.980;119.7
1761;0561641E;47.663, -2.462;106.4
1762;0570030Y;49.179, 6.895;70.0
1763;0570054Z;49.123, 6.173;127.1
1764;0570099Y;49.115, 7.079;100.5
1765;0570108H;49.366, 6.159;103.1
1766;0570146Z;49.251, 6.099;97.5
1767;0570216A;49.363, 6.151;129.7
1768;0572022N;49.199, 6.698;96.9
1769;0572027U;49.365, 6.148;95.9
1770;0572340J;49.185, 6.901;102.9
1771;0573172N;49.105, 6.708;99.6
1772;0573231C;49.204, 6.919;90.7
1773;0573281G;49.101, 6.222;113.2
1774;0573320Z;49.106, 6.212;113.6
1775;0573326F;49.056, 7.421;105.3
1776;0573770N;49.124, 6.173;118.1
1777;0580014A;47.401, 2.929;110.7
1778;0590060V;50.331, 3.409;88.7
1779;0593034C;50.277, 3.976;104.3
1780;0600009J;49.180, 2.464;127.4
1781;0600014P;49.406, 2.834;121.0
1782;0600015R;49.401, 2.820;105.9
1783;0601703A;49.373, 2.996;127.5
1784;0601832R;49.223, 2.894;108.9
1785;0601863Z;49.385, 2.780;109.8
1786;0601865B;49.238, 2.143;101.9
1787;0602070Z;49.110, 2.605;132.5
1788;0620109G;50.445, 2.825;85.3
1789;0622949U;50.732, 1.611;103.5
1790;0624109E;50.722, 1.635;103.0
1791;0630018C;45.775, 3.094;116.6
1792;0630034V;45.551, 3.247;114.7
1793;0630052P;45.886, 3.116;118.4
1794;0630054S;45.902, 3.107;99.1
1795;0630068G;45.861, 3.541;104.7
1796;0631032E;45.753, 3.529;110.9
1797;0631985R;45.880, 3.112;121.2
1798;0640017W;43.486, -1.546;127.9
1799;0640065Y;43.385, -1.661;110.4
1800;0640124M;43.223, -0.886;118.8
1801;0640134Y;43.389, -1.656;121.0
1802;0670005S;48.778, 7.847;102.8
1803;0670049P;48.462, 7.487;130.7
1804;0670078W;48.564, 7.770;95.2
1805;0670083B;48.578, 7.772;104.6
1806;0670086E;48.583, 7.770;88.5
1807;0672604S;48.617, 7.766;101.4
1808;0672677W;48.423, 7.652;121.3
1809;0680008P;48.081, 7.326;110.1
1810;0680068E;48.237, 7.172;107.3
1811;0680073K;47.801, 7.114;111.1
1812;0681761V;47.754, 7.330;100.2
1813;0681885E;47.613, 7.214;109.5
1814;0690027E;45.766, 4.845;130.5
1815;0690029G;45.758, 4.870;105.2
1816;0690048C;45.769, 4.822;107.6
1817;0690074F;45.723, 4.810;107.1
1818;0690082P;45.788, 4.809;121.4
1819;0690103M;45.762, 4.905;89.7
1820;0690552A;45.991, 4.712;130.5
1821;0691644M;45.999, 4.706;124.3
1822;0692800U;45.773, 4.976;107.7
1823;0692866R;45.740, 4.868;94.9
1824;0694066V;45.768, 4.897;121.1
1825;0694197M;45.820, 4.895;116.8
1826;0700018P;47.688, 6.498;107.3
1827;0710001R;46.950, 4.298;112.9
1828;0710010A;46.788, 4.862;104.9
1829;0710011B;46.780, 4.836;125.7
1830;0710023P;46.431, 4.654;119.2
1831;0710045N;46.317, 4.826;106.5
1832;0710048S;46.315, 4.821;104.9
1833;0710054Y;46.676, 4.374;101.4
1834;0720017C;48.179, 0.654;103.7
1835;0721478R;47.983, 0.139;123.8
1836;0750652B;48.854, 2.360;136.7
1837;0750660K;48.853, 2.341;143.4
1838;0750679F;48.840, 2.409;108.0
1839;0750681H;48.847, 2.392;143.6
1840;0750691U;48.825, 2.313;103.4
1841;0750692V;48.832, 2.337;93.5
1842;0750695Y;48.843, 2.313;104.9
1843;0750700D;48.847, 2.267;142.0
1844;0751708Z;48.837, 2.285;100.8
1845;0753268V;48.834, 2.353;96.9
1846;0753842U;48.844, 2.331;144.8
1847;0753844W;48.846, 2.331;142.5
1848;0753887T;48.870, 2.363;138.8
1849;0753898E;48.850, 2.376;130.3
1850;0753919C;48.867, 2.272;117.9
1851;0753941B;48.861, 2.275;145.6
1852;0754015G;48.877, 2.386;130.3
1853;0754089M;48.861, 2.385;121.1
1854;0754924V;48.828, 2.353;131.0
1855;0754965P;48.880, 2.376;130.4
1856;0770926N;48.399, 2.687;126.9
1857;0770930T;48.959, 2.875;101.0
1858;0771663P;48.550, 2.637;92.5
1859;0771996B;48.973, 2.652;102.9
1860;0772120L;48.836, 2.658;101.6
1861;0772295B;48.679, 2.964;113.7
1862;0772312V;48.377, 2.945;95.7
1863;0772688D;48.857, 2.779;123.5
1864;0772737G;48.533, 3.374;95.4
1865;0772751X;49.066, 2.679;110.6
1866;0781297L;48.782, 1.985;88.3
1867;0781512V;48.765, 2.039;141.1
1868;0781819D;48.781, 2.042;125.3
1869;0781839A;48.802, 1.782;133.5
1870;0781899R;48.779, 2.041;146.3
1871;0781949V;48.765, 2.068;116.4
1872;0781974X;48.796, 2.049;139.8
1873;0782540M;48.998, 1.697;94.1
1874;0782924E;48.928, 2.164;121.3
1875;0790007D;46.841, -0.485;105.4
1876;0790031E;46.411, -0.220;115.4
1877;0790036K;46.993, -0.213;102.4
1878;0800001S;50.103, 1.842;104.7
1879;0800009A;49.879, 2.297;120.2
1880;0801226Y;49.927, 2.935;112.1
1881;0801742J;49.878, 2.301;131.8
1882;0801864S;50.083, 1.548;93.9
1883;0831453D;43.123, 5.931;111.8
1884;0831551K;43.436, 6.803;132.2
1885;0831559U;43.457, 5.857;119.4
1886;0840935K;43.946, 4.854;98.7
1887;0840940R;43.949, 4.816;122.2
1888;0841117H;44.244, 5.087;110.4
1889;0850133H;46.512, -1.766;121.8
1890;0850135K;46.686, -1.052;110.1
1891;0851401L;46.675, -1.406;114.9
1892;0860021F;47.006, 0.085;103.2
1893;0860035W;46.568, 0.366;124.2
1894;0861223M;46.682, 0.368;127.3
1895;0861408N;46.590, 0.384;115.5
1896;0870016V;45.830, 1.254;125.2
1897;0870017W;45.823, 1.242;113.5
1898;0870045B;45.834, 1.493;116.3
1899;0870081R;45.828, 1.255;127.0
1900;0871030X;45.852, 1.292;119.1
1901;0880021V;48.187, 6.456;109.2
1902;0900004R;47.638, 6.845;103.9
1903;0900030U;47.641, 6.858;135.9
1904;0910623H;48.698, 2.378;100.3
1905;0910727W;48.732, 2.255;124.0
1906;0910808J;48.709, 2.390;130.8
1907;0911828T;48.627, 2.420;94.4
1908;0911937L;48.619, 2.390;102.4
1909;0911983L;48.642, 2.089;140.0
1910;0912342B;48.741, 2.228;139.0
1911;0920143F;48.883, 2.256;135.1
1912;0920149M;48.825, 2.287;136.6
1913;0920802X;48.825, 2.211;139.1
1914;0920875B;48.885, 2.281;145.1
1915;0920889S;48.908, 2.284;146.3
1916;0920897A;48.846, 2.237;146.1
1917;0920904H;48.754, 2.300;146.5
1918;0920918Y;48.819, 2.319;137.4
1919;0920937U;48.839, 2.152;141.9
1920;0920985W;48.884, 2.270;142.7
1921;0921230M;48.897, 2.279;119.3
1922;0921399W;48.811, 2.323;105.5
1923;0921663H;48.925, 2.253;143.3
1924;0922249V;48.777, 2.264;117.5
1925;0922398G;48.871, 2.194;122.6
1926;0922615T;48.891, 2.256;124.4
1927;0930116W;48.911, 2.388;80.7
1928;0930123D;48.889, 2.471;91.0
1929;0930126G;48.903, 2.334;90.2
1930;0930127H;48.877, 2.525;107.1
1931;0930833A;48.936, 2.503;95.3
1932;0930933J;48.905, 2.491;119.9
1933;0930961P;48.935, 2.494;124.0
1934;0931272C;48.889, 2.541;97.9
1935;0931613Y;48.902, 2.441;79.8
1936;0931799A;48.931, 2.570;123.6
1937;0932036H;48.846, 2.549;136.1
1938;0932046U;48.967, 2.574;94.3
1939;0932073Y;48.883, 2.421;103.7
1940;0932222K;48.900, 2.519;97.8
1941;0932291K;48.862, 2.520;100.9
1942;0932618R;48.949, 2.415;111.1
1943;0932667U;48.915, 2.365;80.5
1944;0940113M;48.817, 2.498;91.5
1945;0940114N;48.783, 2.462;95.6
1946;0940116R;48.811, 2.426;123.5
1947;0940120V;48.810, 2.470;141.1
1948;0940878U;48.807, 2.491;130.0
1949;0941413A;48.780, 2.445;91.9
1950;0941974K;48.818, 2.413;117.7
1951;0950640E;48.953, 2.235;96.9
1952;0950641F;48.940, 2.226;92.9
1953;0950650R;48.994, 2.385;86.9
1954;0950651S;49.015, 2.211;120.8
1955;0950667J;49.030, 2.453;87.9
1956;0950753C;48.967, 2.312;136.5
1957;0950761L;49.052, 2.099;140.0
1958;0950812S;48.988, 2.230;133.1
1959;0950947N;48.993, 2.383;82.6
1960;0951104J;49.058, 2.130;117.7
1961;0951637N;49.046, 2.030;108.2
1962;0951722F;48.991, 2.215;104.2
1963;0951727L;49.102, 2.505;99.9
1964;0951756T;49.052, 2.010;116.5
1965;0951788C;49.027, 2.340;120.0
1966;0951824S;49.010, 2.026;110.9
1967;0951940T;48.983, 2.389;116.1
1968;0951974E;48.996, 2.288;124.4
1969;0951994B;48.994, 2.410;118.4
1970;0952196W;48.972, 2.296;114.9
1971;6200650M;41.949, 8.759;114.4
1972;7200009X;42.703, 9.444;116.9
1973;7200011Z;42.670, 9.440;88.1
1974;7200073S;42.697, 9.444;123.4
1975;9710055H;15.996, -61.724;116.9
1976;9710991A;15.993, -61.724;92.6
1977;9720002V;14.602, -61.084;111.3
1978;9720003W;14.602, -61.084;113.9
1979;9720692V;14.778, -60.990;101.3
1980;9720726G;14.833, -61.056;84.5
1981;9720829U;14.607, -61.075;133.1
1982;9730010Y;4.940, -52.332;123.5
1983;9730235T;5.484, -54.031;80.7
1984;9730514W;4.885, -52.357;79.4
1985;9740053P;-20.904, 55.484;95.3
1986;9740738J;-21.027, 55.269;90.5
1987;9741052A;-21.167, 55.287;109.8
1988;9741230U;-21.377, 55.668;85.8
1989;9741620T;-20.910, 55.478;105.0
1990;0120024L;44.357, 2.572;112.5
1991;0140017T;49.162, -0.353;103.9
1992;0140056K;49.398, 0.239;114.7
1993;0141161L;49.182, -0.395;136.2
1994;0141169V;49.147, 0.224;120.5
1995;0141275K;49.163, 0.219;99.1
1996;0142108R;49.296, -0.373;130.3
1997;0142132S;49.149, -0.358;117.3
1998;0211089V;47.314, 5.038;130.4
1999;0270017X;49.022, 1.166;114.8
2000;0270042Z;48.741, 0.913;106.8
2001;0271579V;49.010, 1.138;113.1
2002;0292047T;48.505, -4.082;104.9
2003;0350029S;48.126, -1.648;120.5
2004;0500120J;49.120, -1.106;120.4
2005;0501839C;49.305, -1.239;106.0
2006;0580071M;46.990, 3.153;119.3
2007;0590042A;50.103, 3.542;88.8
2008;0593113N;50.634, 3.069;123.3
2009;0594391C;50.696, 3.169;130.3
2010;0595657D;50.618, 3.005;116.8
2011;0595786U;50.650, 2.999;103.5
2012;0610014J;48.593, -0.642;102.2
2013;0610692W;48.430, 0.098;123.7
2014;0610702G;48.607, 0.172;110.8
2015;0622198C;50.736, 1.623;108.0
2016;0740092Y;46.073, 6.299;130.1
2017;0741101V;45.893, 6.101;112.3
2018;0760035A;49.747, 0.388;107.3
2019;0760090K;49.445, 1.100;141.5
2020;0760093N;49.442, 1.094;130.1
2021;0760109F;49.412, 1.074;94.0
2022;0761343X;49.414, 1.145;126.5
2023;0761707T;49.905, 1.074;124.3
2024;0761713Z;49.407, 1.140;124.8
2025;0761735Y;49.501, 0.090;113.8
2026;0762169V;49.906, 1.068;105.8
2027;0762880T;49.613, 0.769;109.0
2028;0340002T;43.300, 3.483;101.6
2029;0590215N;50.731, 3.164;75.2
2030;0592969G;50.354, 3.501;112.8
2031;0592980U;50.723, 3.167;98.6
2032;0730763H;45.571, 5.925;132.6
2033;9760163Y;-12.769, 45.221;67.9
2034;9760316P;-12.906, 45.155;89.4
2035;0110022P;43.178, 3.002;110.5
2036;0160022M;46.009, 0.672;99.1
2037;0160065J;45.694, -0.331;120.1
2038;0301552Z;43.832, 4.385;99.6
2039;0301722J;43.981, 4.791;122.8
2040;0331495W;44.852, -0.595;134.2
2041;0331501C;44.843, -0.552;129.7
2042;0340028W;43.731, 3.315;112.8
2043;0340038G;43.612, 3.885;128.8
2044;0340042L;43.612, 3.891;105.6
2045;0340991T;43.621, 3.870;133.6
2046;0340992U;43.348, 3.212;118.6
2047;0342090M;43.690, 4.137;122.6
2048;0480025S;44.521, 3.512;117.2
2049;0480688M;44.804, 3.274;114.9
2050;0641907A;43.504, -1.452;126.0
2051;0660011D;42.691, 2.909;96.9
2052;0660021P;42.630, 2.423;111.6
2053;0660059F;42.692, 2.883;126.6
2054;0660077A;42.686, 2.882;116.3
2055;0010014K;46.197, 5.226;108.0
2056;0070029U;45.067, 4.836;107.6
2057;0071397F;44.909, 4.426;110.3
2058;0090018W;42.978, 1.150;109.4
2059;0120006S;44.568, 2.255;107.5
2060;0120031U;44.355, 2.037;109.9
2061;0120051R;44.100, 3.078;114.1
2062;0120052S;44.525, 2.770;109.8
2063;0260019E;44.380, 4.699;104.7
2064;0260022H;45.045, 5.058;117.2
2065;0260035X;44.924, 4.903;118.6
2066;0260066F;45.047, 5.041;126.4
2067;0261397C;45.194, 4.816;98.2
2068;0290044R;48.453, -4.250;118.8
2069;0290062K;47.861, -4.233;117.6
2070;0310046G;43.598, 1.405;124.0
2071;0310053P;43.639, 1.441;106.8
2072;0311138U;43.576, 1.471;129.0
2073;0311334G;42.792, 0.599;124.4
2074;0312290W;43.530, 1.353;122.0
2075;0312938A;43.608, 1.283;129.3
2076;0313083H;43.695, 1.580;126.9
2077;0331760J;44.837, -0.650;123.2
2078;0350777E;48.117, -1.679;133.4
2079;0350778F;48.122, -1.659;133.7
2080;0380081G;45.536, 4.858;113.9
2081;0380092U;45.361, 5.600;130.5
2082;0381603L;45.176, 5.745;117.8
2083;0381630R;45.206, 5.749;131.9
2084;0381660Y;45.392, 5.255;118.5
2085;0381678T;45.523, 4.871;127.0
2086;0382440W;45.609, 5.155;109.0
2087;0382780R;45.181, 5.694;118.4
2088;0382854W;45.527, 4.877;127.3
2089;0460028F;44.895, 1.481;107.1
2090;0460038S;44.450, 1.441;120.7
2091;0590010R;50.688, 2.876;108.3
2092;0590011S;50.689, 2.871;116.4
2093;0590065A;50.377, 3.070;88.7
2094;0590110Z;50.648, 3.039;119.7
2095;0590192N;50.448, 3.444;107.0
2096;0593006X;50.642, 3.060;123.6
2097;0596854E;50.462, 3.583;83.8
2098;0596892W;50.368, 3.071;91.2
2099;0620006V;50.287, 2.766;118.8
2100;0650005C;43.063, 0.153;115.9
2101;0650038N;43.389, 0.056;110.4
2102;0650040R;43.107, -0.025;104.5
2103;0650062P;43.235, 0.074;120.6
2104;0693044J;45.737, 4.920;115.5
2105;0730005J;45.674, 6.389;109.8
2106;0730016W;45.565, 5.933;119.2
2107;0730760E;45.678, 6.391;115.6
2108;0731392S;45.551, 5.969;122.1
2109;0740047Z;46.372, 6.475;118.7
2110;0741443S;46.278, 6.721;132.0
2111;0810030T;43.699, 1.821;129.0
2112;0810033W;43.502, 2.380;102.5
2113;0810959C;43.626, 2.261;111.2
2114;0850142T;46.835, -1.878;113.2
2115;0910627M;48.676, 2.353;113.6
2116;0801327H;49.879, 2.297;109.0
2117;9710923B;16.256, -61.521;110.4
2118;9711033W;16.209, -61.779;103.0
2119;9711082Z;16.413, -61.515;88.9
2120;9711252J;18.097, -63.066;94.0
2121;0190062P;45.549, 2.308;115.1
2122;0470018P;44.498, 0.958;104.2
2123;0721548S;47.957, 0.167;108.8
2124;0010013J;46.202, 5.225;123.0
2125;0020032Z;49.565, 3.608;104.6
2126;0020049T;49.852, 3.300;102.2
2127;0040027H;44.101, 6.234;106.0
2128;0060001U;43.574, 7.117;104.8
2129;0060014H;43.560, 7.022;113.8
2130;0060677D;43.702, 7.271;129.4
2131;0060773H;43.709, 7.281;130.6
2132;0061642C;43.621, 7.042;145.3
2133;0061760F;43.654, 6.941;118.4
2134;0061852F;43.681, 7.200;103.8
2135;0100025Y;48.274, 4.075;106.4
2136;0130036U;43.281, 5.382;109.0
2137;0130037V;43.283, 5.434;91.2
2138;0130038W;43.239, 5.378;129.3
2139;0130040Y;43.297, 5.383;124.3
2140;0130049H;43.289, 5.365;109.5
2141;0130051K;43.294, 5.401;84.7
2142;0130053M;43.275, 5.426;102.3
2143;0131324U;43.320, 5.406;143.2
2144;0131328Y;43.300, 5.493;132.7
2145;0131339K;43.301, 5.395;125.2
2146;0131341M;43.283, 5.381;128.4
2147;0131347U;43.248, 5.408;133.3
2148;0131398Z;43.292, 5.388;115.6
2149;0131436R;43.286, 5.469;103.0
2150;0132410Z;43.413, 5.206;105.2
2151;0132472S;43.318, 5.410;114.4
2152;0132810J;43.292, 5.571;141.6
2153;0132974M;43.246, 5.392;115.5
2154;0133015G;43.446, 5.247;107.0
2155;0133244F;43.455, 5.479;124.2
2156;0133334D;43.279, 5.410;115.8
2157;0150030B;45.035, 3.082;111.5
2158;0160002R;45.650, 0.151;113.4
2159;0160083D;45.694, 0.119;114.5
2160;0161095D;45.633, 0.154;114.3
2161;0170060Y;45.735, -0.615;112.1
2162;0180005H;47.101, 2.414;107.9
2163;0190011J;45.160, 1.530;113.8
2164;0190058K;45.158, 1.521;124.1
2165;0210003P;47.195, 5.387;106.4
2166;0210017E;47.335, 5.018;117.0
2167;0211928G;47.349, 5.042;131.1
2168;0220027K;48.185, -2.759;99.9
2169;0220097L;48.562, -3.143;115.8
2170;0220102S;48.729, -3.456;123.1
2171;0221589H;48.174, -2.750;102.7
2172;0230051F;46.168, 1.856;111.5
2173;0240005A;44.857, 0.475;106.6
2174;0240024W;45.180, 0.720;115.5
2175;0240076C;44.860, 0.495;116.6
2176;0240092V;45.180, 0.777;123.7
2177;0241137F;45.182, 0.712;110.2
2178;0250007X;47.219, 5.977;109.6
2179;0250008Y;47.238, 6.020;123.6
2180;0250011B;47.239, 6.013;119.5
2181;0251711Z;47.254, 6.000;117.2
2182;0251994G;47.496, 6.810;97.3
2183;0280019U;48.734, 1.361;103.3
2184;0280044W;48.459, 1.474;111.9
2185;0281077U;48.419, 1.455;106.3
2186;0290012F;48.407, -4.481;117.4
2187;0290108K;48.391, -4.511;101.1
2188;0290164W;48.576, -3.835;116.3
2189;0290181P;48.383, -4.502;113.9
2190;0290206S;47.872, -3.561;118.0
2191;0290335G;48.409, -4.489;121.0
2192;0330115W;44.838, 0.215;100.1
2193;0330126H;44.802, -0.594;119.4
2194;0331504F;44.691, -0.511;137.6
2195;0331591A;44.850, -0.594;125.3
2196;0332081H;45.195, -0.749;101.7
2197;0332835C;44.991, -0.450;111.2
2198;0332870R;44.643, -1.058;123.0
2199;0350011X;48.348, -1.200;106.6
2200;0350787R;48.647, -2.005;131.5
2201;0350797B;48.119, -1.654;128.2
2202;0352533N;48.415, -1.742;117.4
2203;0360002G;46.589, 1.512;111.4
2204;0360005K;46.635, 1.068;107.7
2205;0360008N;46.817, 1.696;115.2
2206;0360505D;46.952, 1.997;125.1
2207;0360693H;46.811, 1.698;118.6
2208;0370016S;47.126, 0.984;113.4
2209;0370728R;47.390, 0.676;124.6
2210;0370748M;47.335, 0.651;124.0
2211;0371418R;47.423, 0.707;123.4
2212;0400002K;43.692, -0.278;104.1
2213;0400017B;43.897, -0.502;109.5
2214;0400067F;43.875, -0.494;116.7
2215;0410899E;47.572, 1.306;120.4
2216;0410954P;47.795, 1.072;121.7
2217;0420033H;46.044, 4.074;99.6
2218;0420040R;45.469, 4.512;102.6
2219;0420976H;45.429, 4.389;108.0
2220;0421025L;46.161, 4.173;109.7
2221;0422160V;45.452, 4.332;129.6
2222;0430021P;45.049, 3.895;112.1
2223;0430953C;45.130, 4.123;109.0
2224;0440001M;47.375, -1.182;111.8
2225;0440005S;47.728, -1.368;100.6
2226;0440029T;47.225, -1.545;126.2
2227;0440086E;47.237, -1.512;118.7
2228;0440119R;47.276, -2.235;115.0
2229;0440149Y;47.367, -1.182;120.9
2230;0440178E;47.275, -2.208;124.8
2231;0440288Z;47.205, -1.610;99.2
2232;0441653H;47.191, -1.517;128.7
2233;0442083A;47.261, -1.541;132.6
2234;0442094M;47.252, -1.609;128.6
2235;0442226F;47.321, -2.432;124.8
2236;0442778F;47.439, -1.499;124.9
2237;0442924P;47.371, -1.940;118.5
2238;0451462V;47.910, 1.968;116.8
2239;0451484U;47.786, 1.620;115.8
2240;0451526P;47.888, 1.897;121.4
2241;0490001K;47.466, -0.544;124.1
2242;0490055U;47.249, -0.070;96.4
2243;0490834R;47.716, -0.915;136.2
2244;0490838V;47.258, -0.085;119.0
2245;0490840X;47.681, -0.874;107.1
2246;0490952U;47.017, -1.066;120.7
2247;0492015Z;47.472, -0.556;129.9
2248;0492285T;47.253, -0.063;107.8
2249;0492420P;47.490, -0.507;117.8
2250;0510007F;48.977, 4.360;107.7
2251;0511145T;49.247, 4.014;115.2
2252;0511147V;48.978, 4.361;118.6
2253;0520021R;47.849, 5.326;105.2
2254;0520028Y;48.646, 4.973;99.6
2255;0520679F;48.639, 4.949;114.2
2256;0530004S;47.828, -0.698;112.4
2257;0530012A;48.068, -0.759;105.7
2258;0530016E;48.305, -0.629;110.6
2259;0530048P;48.074, -0.769;124.3
2260;0530068L;48.075, -0.787;108.9
2261;0540040A;48.681, 6.168;117.5
2262;0540070H;48.666, 6.161;113.3
2263;0540076P;49.158, 5.876;102.9
2264;0541318P;48.695, 6.174;136.5
2265;0542161F;48.683, 6.180;101.0
2266;0560025Y;47.747, -3.372;121.8
2267;0561627P;47.676, -2.773;117.2
2268;0570057C;49.111, 6.209;91.3
2269;0570085H;49.102, 6.707;98.4
2270;0570106F;49.360, 6.168;116.0
2271;0570211V;48.769, 7.270;125.1
2272;0570311D;49.104, 6.193;131.3
2273;0573366Z;49.358, 6.049;112.5
2274;0580031U;47.004, 3.162;113.9
2275;0580761M;46.829, 3.445;107.7
2276;0590282L;50.323, 3.397;87.0
2277;0592944E;50.627, 3.149;138.4
2278;0592976P;50.372, 3.279;109.3
2279;0593058D;51.029, 2.378;102.1
2280;0593077Z;50.719, 2.533;109.4
2281;0595867G;50.620, 3.047;105.1
2282;0600021X;49.259, 2.473;82.7
2283;0600040T;49.584, 3.015;101.3
2284;0601831P;49.300, 2.606;116.6
2285;0601864A;49.261, 2.425;93.7
2286;0622110G;50.945, 1.858;117.8
2287;0622116N;50.737, 2.244;132.2
2288;0622150A;50.870, 1.868;95.9
2289;0622196A;50.294, 2.766;127.5
2290;0624531N;50.464, 1.766;118.2
2291;0630019D;45.777, 3.095;125.6
2292;0631033F;45.541, 3.248;117.7
2293;0631070W;45.777, 3.067;122.9
2294;0631074A;45.771, 3.090;129.0
2295;0640055M;43.296, -0.365;126.5
2296;0640130U;43.305, -0.378;130.3
2297;0640137B;43.402, -1.458;113.6
2298;0670007U;48.826, 7.484;112.5
2299;0670084C;48.582, 7.763;99.6
2300;0670085D;48.561, 7.747;104.4
2301;0670114K;49.035, 7.960;112.2
2302;0671552Y;48.584, 7.748;143.1
2303;0671611M;48.585, 7.752;129.8
2304;0671615S;48.590, 7.753;134.3
2305;0672615D;48.537, 7.501;114.7
2306;0672806L;48.585, 7.695;99.8
2307;0680051L;48.037, 7.133;117.9
2308;0680141J;47.699, 7.298;132.9
2309;0681917P;47.813, 7.341;104.3
2310;0690023A;45.765, 4.837;121.1
2311;0690035N;45.736, 4.862;93.2
2312;0690085T;45.897, 4.445;117.2
2313;0690132U;45.771, 4.878;96.9
2314;0690514J;45.751, 4.872;135.0
2315;0690529A;45.767, 4.856;123.9
2316;0690533E;45.768, 4.847;133.1
2317;0690538K;45.741, 4.873;131.2
2318;0690563M;45.772, 4.823;134.7
2319;0690634P;45.737, 4.871;133.0
2320;0691654Y;45.629, 4.452;120.4
2321;0691659D;45.752, 4.819;124.8
2322;0693330V;45.601, 4.760;105.7
2323;0693566B;46.025, 4.313;98.9
2324;0694405N;45.733, 4.823;114.3
2325;0710018J;46.435, 4.273;110.3
2326;0710042K;46.621, 5.214;104.8
2327;0711422K;46.803, 4.866;105.4
2328;0711729U;46.784, 4.858;109.0
2329;0720021G;47.707, -0.082;110.4
2330;0720030S;48.013, 0.205;120.7
2331;0720843A;47.842, -0.337;111.7
2332;0721549T;48.188, 0.647;109.4
2333;0750330B;48.828, 2.373;134.9
2334;0750558Z;48.855, 2.375;109.3
2335;0750647W;48.866, 2.359;126.7
2336;0750648X;48.858, 2.363;142.0
2337;0750650Z;48.888, 2.393;84.8
2338;0750654D;48.846, 2.347;147.6
2339;0750656F;48.842, 2.339;145.1
2340;0750664P;48.876, 2.322;134.4
2341;0750668U;48.881, 2.343;124.8
2342;0750675B;48.864, 2.385;120.0
2343;0750702F;48.845, 2.257;139.2
2344;0750705J;48.896, 2.315;123.6
2345;0750714U;48.848, 2.407;129.6
2346;0753820V;48.854, 2.366;140.2
2347;0753849B;48.861, 2.302;145.0
2348;0753915Y;48.844, 2.309;144.6
2349;0753943D;48.862, 2.279;147.4
2350;0753959W;48.890, 2.326;142.5
2351;0754042L;48.830, 2.350;131.5
2352;0754086J;48.893, 2.361;119.2
2353;0754476H;48.839, 2.331;129.3
2354;0754666P;48.868, 2.282;140.6
2355;0755025E;48.866, 2.385;118.2
2356;0770933W;48.545, 2.659;104.9
2357;0770940D;48.262, 2.712;107.1
2358;0771720B;48.889, 2.596;129.7
2359;0772188K;48.596, 2.577;100.1
2360;0772228D;49.049, 2.669;107.6
2361;0772277G;48.551, 3.007;103.6
2362;0772294A;48.840, 2.649;111.7
2363;0772310T;48.531, 2.673;112.6
2364;0780515L;48.767, 1.945;126.5
2365;0781664K;48.646, 1.833;140.1
2366;0781883Y;48.764, 1.952;112.2
2367;0782556E;48.891, 2.064;116.7
2368;0782567S;48.799, 2.142;129.6
2369;0782568T;48.891, 2.123;145.0
2370;0782822U;48.846, 2.137;127.8
2371;0783282U;48.829, 2.132;143.4
2372;0783283V;48.943, 2.145;147.5
2373;0783431F;48.943, 2.160;108.9
2374;0790024X;46.315, -0.443;121.6
2375;0801206B;50.109, 1.835;119.8
2376;0801207C;49.893, 2.305;122.2
2377;0801479Y;49.894, 2.298;108.6
2378;0801700N;49.912, 2.322;83.5
2379;0801841S;49.886, 2.320;118.8
2380;0801853E;49.653, 2.582;96.6
2381;0801900F;50.150, 2.356;94.0
2382;0830007G;43.411, 6.065;105.9
2383;0830042V;43.428, 6.772;112.6
2384;0830053G;43.118, 5.939;107.9
2385;0830098F;43.139, 5.881;127.9
2386;0830100H;43.128, 5.956;121.2
2387;0830101J;43.120, 6.134;125.9
2388;0831242Z;43.250, 6.573;102.8
2389;0840005Z;43.927, 4.809;81.0
2390;0840015K;44.057, 5.058;109.2
2391;0840016L;44.050, 5.048;101.7
2392;0850068M;46.468, -0.817;108.9
2393;0850076W;46.869, -1.023;114.3
2394;0850079Z;46.774, -0.838;103.6
2395;0850118S;46.711, -1.114;127.2
2396;0860003L;46.815, 0.540;111.9
2397;0860034V;46.581, 0.338;122.3
2398;0860038Z;46.589, 0.365;105.4
2399;0870864S;45.826, 1.275;131.8
2400;0880004B;48.205, 6.715;103.4
2401;0880030E;48.077, 6.873;118.6
2402;0880055G;48.287, 6.956;103.2
2403;0891168L;47.737, 3.296;109.2
2404;0891200W;48.202, 3.303;101.5
2405;0900002N;47.633, 6.850;111.4
2406;0900029T;47.634, 6.857;118.9
2407;0910622G;48.436, 2.150;109.9
2408;0910819W;48.695, 2.191;148.7
2409;0910826D;48.671, 2.372;131.8
2410;0910975R;48.610, 2.313;107.1
2411;0911927A;48.699, 2.524;102.1
2412;0911946W;48.626, 2.326;105.3
2413;0912117G;48.644, 2.435;133.3
2414;0912321D;48.709, 2.243;139.5
2415;0920135X;48.769, 2.277;121.2
2416;0920141D;48.891, 2.208;95.0
2417;0920144G;48.878, 2.235;115.4
2418;0920145H;48.777, 2.307;148.6
2419;0921555R;48.796, 2.273;136.0
2420;0922443F;48.832, 2.234;105.0
2421;0922691A;48.910, 2.269;140.8
2422;0930119Z;48.925, 2.458;82.5
2423;0930125F;48.941, 2.364;81.3
2424;0930830X;48.899, 2.511;112.4
2425;0930965U;48.863, 2.479;130.1
2426;0931796X;48.853, 2.425;117.0
2427;0932030B;48.953, 2.369;78.2
2428;0932048W;48.940, 2.539;84.2
2429;0932116V;48.867, 2.437;112.5
2430;0932118X;48.944, 2.469;83.0
2431;0932121A;48.929, 2.367;81.4
2432;0932229T;48.925, 2.462;85.3
2433;0932260B;48.957, 2.535;86.4
2434;0932619S;48.926, 2.440;113.2
2435;0932654E;48.956, 2.384;105.7
2436;0940122X;48.796, 2.512;138.5
2437;0940123Y;48.757, 2.400;99.4
2438;0940585A;48.791, 2.497;122.0
2439;0941018W;48.784, 2.467;97.0
2440;0941301D;48.761, 2.329;117.3
2441;0941470M;48.799, 2.556;110.3
2442;0941943B;48.798, 2.451;126.2
2443;0941972H;48.809, 2.378;90.9
2444;0950649P;49.057, 2.090;111.6
2445;0950666H;48.951, 2.251;91.6
2446;0951763A;49.019, 2.209;115.4
2447;0951937P;49.070, 2.069;120.4
2448;0952158E;49.044, 2.508;120.0
2449;6200002H;41.926, 8.735;114.5
2450;7200583W;42.670, 9.440;99.5
2451;9710003B;16.256, -61.521;95.2
2452;9710062R;16.241, -61.534;110.4
2453;9711046K;16.256, -61.521;89.6
2454;9720479N;14.489, -60.953;123.1
2455;9730421V;5.650, -53.742;83.5
2456;9740471U;-21.042, 55.719;89.8
2457;9740952S;-21.375, 55.625;88.3
2458;9741173G;-20.950, 55.327;105.0
2459;9741231V;-21.079, 55.739;83.7
2460;9741255W;-21.334, 55.481;119.5
2461;9741270M;-20.905, 55.602;95.7
